aR1,aR2,aR3,aR4,aR5,aR6,bR1,bR2,bR3,bR4,bR5,bR6,avgMCP,daily MW1,daily MW2,daily MW3,daily MW4,daily MW5,daily MW6
15.27272727,36,75,40,40,20.57142857,0.049587556,0.540002,0.036057837,0.033333667,0.0333335,0.022509967,19.97071384,124.034481,76.50878939,8.984740886,0.321751658,389.4376861,282.0660716
24,18,42.85714286,32.72727273,10.90909091,16,0.005,0.006,0.057692538,0.013090909,0.007636364,0.017,22.45428784,111.5478855,92.64143419,6.455595692,0.504097255,564.4249545,210.5041962
33.6,18,25,36,24,14.4,0.076364318,0.04500075,0.112115385,0.0900005,0.007,0.017,19.53775606,99.6143864,114.5549664,6.638938659,0.361340738,699.5168689,240.8076913
24,45,42.85714286,72,10,48,0.054546136,0.11250075,0.029435016,0.090000375,0.017952381,0.167442326,18.59718483,101.1144981,86.70548443,6.411371909,0.356528483,472.6163624,227.5697358
28,45,75,72,17.14285714,13.09090909,0.042424848,0.3150012,0.02403859,0.0360003,0.008714286,0.077638478,27.37248853,122.0215256,110.0761565,8.751711373,0.464581176,442.4784289,283.4243826
16.8,20,60,36,10,28.8,0.006942645,0.0200006,0.028846298,0.1260006,0.037666667,0.017,19.87675564,100.6489716,103.9726232,7.679678617,0.474169344,482.3278104,231.6626903
28,15,30,120,13.33333333,14.4,0.254546818,0.0465,0.039230769,0.150000375,0.009333333,0.076116279,19.36470998,103.7743171,108.0467566,8.11081878,0.315774327,470.0761085,305.8379356
14,16.36363636,42.85714286,120,17.14285714,18,0.210909091,0.016364236,0.01,0.100000333,0.007,0.017,19.02090136,134.0239944,85.16109713,10.48273468,0.298829914,872.5166867,258.8174353
14,25.71428571,100,51.42857143,13.33333333,18,0.073636364,0.128572429,0.048077067,0.128571929,0.050222222,0.071930233,28.07357335,94.14475386,119.6241631,8.453465353,0.323887245,662.0202809,251.0844329
56,18,100,60,15,14.4,0.254546364,0.030000667,0.03205141,0.2100006,0.007,0.045162791,20.67982852,130.1606918,94.10829197,7.430166036,0.626267877,526.9132988,314.8833654
42,45,75,30,17.14285714,20.57142857,0.267273818,0.675002,0.051511154,0.0555,0.031714286,0.099893688,18.65909966,100.9835722,79.91655731,6.846118821,0.471308908,464.277924,283.0694295
18.66666667,15,27.27272727,32.72727273,13.33333333,48,0.016970242,0.1194,0.075891608,0.067324675,0.034888889,0.039867309,28.60374584,128.0201589,83.84888435,7.301282139,0.980702369,503.3828989,233.6843106
33.6,45,30,120,10,12,0.050909697,0.020455091,0.022211538,0.0600003,0.022333333,0.019813953,27.90991876,131.522938,140.2172398,8.653548762,0.568269938,548.0727348,268.3398878
33.6,20,30,60,13.33333333,13.09090909,0.213819273,0.006,0.012,0.2100006,0.025688889,0.031208245,20.1482181,102.7172173,91.6602462,6.83022956,0.157626079,541.7971909,259.7693211
56,16.36363636,100,45,24,14.4,0.356364727,0.007438562,0.288461923,0.1125005,0.04000025,0.029686047,18.7177221,98.51629752,103.8847644,6.74537805,0.586579664,716.1065471,221.6815454
42,18,30,120,10,48,0.572729091,0.270002,0.016538462,0.4200006,0.007,0.027907151,27.67845874,127.6890985,91.33900922,7.146219969,0.40597777,637.4002228,308.126191
56,36,33.33333333,30,20,14.4,0.127273409,0.2520012,0.01,0.186,0.023333533,0.036318937,23.17290436,94.00144444,84.92083153,7.872352956,0.66334722,503.3503376,280.9294791
21,20,42.85714286,120,12,20.57142857,0.031818788,0.033334,0.01,0.60000075,0.020666667,0.017,32.26989888,95.73201491,148.9368163,6.340460251,0.41784853,554.4102164,286.3218285
42,45,100,40,12,18,0.005,0.225001,0.03205141,0.033333667,0.0268,0.05335814,21.49299536,131.4835677,89.91972462,7.16850364,0.497903127,563.0965292,289.4790605
15.27272727,15,33.33333333,51.42857143,10.90909091,36,0.138844339,0.087,0.01,0.385715286,0.021575758,0.029900532,20.84844904,118.8339116,99.80032961,6.286659563,0.488477765,491.9081018,239.2206227
21,25.71428571,27.27272727,90,10,12,0.031818788,0.025714886,0.019160839,0.675001,0.028466667,0.039109635,20.10894251,102.275613,152.1254966,7.784490545,0.864434107,557.1920314,251.6460743
56,30,60,32.72727273,17.14285714,14.4,0.050909636,0.050000667,0.01,0.126981818,0.007,0.057544186,21.40999327,78.59183505,128.1820364,6.469398574,0.597517853,559.6706356,244.7988698
21,15,50,40,13.33333333,48,0.190910455,0.087,0.016025769,0.050000375,0.007,0.018604806,18.9846135,137.1071567,103.3518257,6.875245827,0.277762249,519.3335222,343.8794261
24,60,37.5,32.72727273,20,20.57142857,0.009917851,0.6000015,0.01,0.034181818,0.007,0.099893688,19.15432129,109.159158,91.37916469,7.438074502,0.32749998,559.6485174,265.4995706
28,25.71428571,37.5,60,30,16,0.063637045,0.385716286,0.036057885,0.1500005,0.025000167,0.027825581,18.43021458,93.64201592,107.7698359,7.390948063,0.669793496,498.0341736,279.2212471
15.27272727,25.71428571,42.85714286,36,10.90909091,12,0.208266281,0.025714886,0.02060454,0.064286143,0.027709091,0.039109635,26.0575725,137.3870562,92.9172587,7.035750913,0.603969613,530.7211645,249.1526742
33.6,25.71428571,30,36,15,14.4,0.030546,0.385716286,0.01,0.012,0.007944444,0.076116279,24.02269992,100.4772868,83.50180748,8.758742266,0.368749238,455.3729321,278.8391328
33.6,16.36363636,42.85714286,60,12,16,0.213819273,0.081819182,0.029435016,0.107143286,0.036,0.017,19.36071252,100.2673314,85.41734785,7.242044879,0.46563377,524.7694182,309.3723919
18.66666667,36,25,30,30,20.57142857,0.169698333,0.016364182,0.013094406,0.273,0.007,0.068940199,20.27833894,96.61698977,113.7530103,6.894185991,0.450353292,599.7168118,272.7476017
14,16.36363636,30,120,17.14285714,18,0.027878788,0.058442416,0.012,0.0600003,0.031714286,0.05335814,24.87402077,100.6230685,86.50915758,7.055358038,0.388260911,508.3390466,235.1777896
21,25.71428571,27.27272727,90,40,18,0.095455455,0.006,0.01,0.675001,0.066666917,0.017,21.81077496,84.30604566,116.347296,9.095682152,0.333866398,588.1878037,255.4575163
28,25.71428571,75,32.72727273,40,24,0.025455091,0.128572429,0.01,0.034181818,0.100000333,0.064953488,18.50630742,105.5862681,97.74481085,7.605218541,3.460166691,482.2233701,415.0305442
24,16.36363636,60,90,10,36,0.009917851,0.016364236,0.011538577,0.012,0.014666667,0.017,19.93649167,89.86822188,102.3625743,6.809112766,0.421960269,721.9564156,270.0164069
28,20,75,40,10.90909091,16,0.127273636,0.300002,0.051511154,0.20000075,0.052242424,0.055683721,18.75205004,87.65673021,56.5755095,7.284457716,0.412528798,510.4491276,273.4780813
56,45,27.27272727,30,17.14285714,13.09090909,0.356364727,0.675002,0.032127872,0.1338,0.031714286,0.031208245,20.51072227,108.6378841,85.21332284,7.540686369,0.439799763,753.8082933,234.4048111
21,15,30,32.72727273,15,20.57142857,0.068182597,0.249,0.039230769,0.126981818,0.0243,0.068940199,22.12156732,96.25314289,97.05482495,7.387905997,0.365385127,764.9959219,243.1090159
16.8,25.71428571,27.27272727,90,15,20.57142857,0.005,0.006,0.041853147,0.45000075,0.048833333,0.099893688,20.14968128,102.1118781,105.1526416,7.85722674,0.578275439,594.9732836,254.1253041
33.6,25.71428571,50,45,10.90909091,13.09090909,0.030546,0.1800012,0.034340824,0.337501,0.027709091,0.018545455,19.15573023,102.0796163,84.37136596,6.933904441,0.485507411,532.5975086,251.1592121
16.8,18,100,90,10,36,0.076364545,0.1800015,0.01,0.675001,0.012111111,0.12558186,19.39890411,93.82846463,100.8183102,6.867788894,0.737911049,478.4874495,249.8730578
18.66666667,30,37.5,72,24,20.57142857,0.005,0.3000015,0.01,0.1800005,0.007,0.068940199,23.87908647,92.102506,146.3724908,12.13812947,1.516190913,501.6343557,282.7587578
33.6,25.71428571,27.27272727,120,17.14285714,20.57142857,0.050909697,0.257144357,0.032127872,0.4200006,0.007,0.017,22.85184976,111.0025731,99.39929368,8.149994332,0.688478814,505.2117304,309.0668184
18.66666667,15,60,30,30,16,0.007713994,0.1194,0.01,0.099,0.025000167,0.043302326,19.72492918,95.6162062,95.96696639,13.65473012,0.460202567,454.5609793,259.2887177
24,20,50,60,40,13.09090909,0.327274545,0.0200006,0.016025769,0.450001,0.066666917,0.021922199,18.87502472,119.7630678,112.1432765,7.130674726,0.498763949,495.4201152,272.1333987
16.8,36,37.5,32.72727273,30,20.57142857,0.229092727,0.006,0.01,0.012,0.05000025,0.099893688,19.99139652,104.6675218,84.46946149,7.226695881,0.384523419,506.7282634,298.7580717
56,18,37.5,45,17.14285714,12,0.509092273,0.1260012,0.01802899,0.012,0.007,0.032476744,20.72006898,94.28799961,90.14662268,7.504287435,0.410333412,670.522703,253.6147335
28,45,27.27272727,36,10,24,0.011570744,0.675002,0.01,0.0900005,0.008393939,0.017,20.64781708,97.01200392,100.8603665,6.64275954,0.294120843,491.0829933,238.1057445
24,60,75,51.42857143,17.14285714,36,0.036364242,0.4200012,0.02403859,0.012,0.007,0.017,21.22891983,136.726898,91.9070883,8.071989753,0.432412027,563.099073,345.0836776
24,45,60,51.42857143,17.14285714,14.4,0.218183182,0.11250075,0.080769462,0.012,0.008714286,0.017023256,22.92925207,99.90626121,109.4806881,8.474352554,0.683910487,609.8160787,258.2105019
14,20,42.85714286,32.72727273,15,13.09090909,0.073636364,0.006,0.013736392,0.048681818,0.007,0.108591966,23.77079477,102.147438,97.35573089,7.056639414,0.447096744,534.6533121,278.0139289
15.27272727,20,33.33333333,120,17.14285714,48,0.013884843,0.006,0.013333333,0.027273,0.007,0.078139814,20.60700009,98.92597235,117.1801104,6.646895614,0.67361611,553.8409907,341.3187025
33.6,36,100,32.72727273,15,13.09090909,0.213819273,0.180001,0.048077067,0.048681818,0.007,0.046684989,22.2596528,101.1864705,88.20086807,7.121390865,0.259262233,489.4870843,251.6294663
56,15,60,120,24,12,0.050909636,0.168,0.019230897,0.100000333,0.04000025,0.047953488,24.24923919,111.8425712,80.99256751,8.128549496,0.466675446,473.1224376,272.2125989
28,15,27.27272727,45,30,20.57142857,0.09090987,0.006,0.024833916,0.0225003,0.007,0.099893688,20.72037787,104.8653598,98.96212355,7.849345811,0.734295254,606.1156938,332.0959139
16.8,60,75,40,40,12,0.054546234,0.6000015,0.051511154,0.071429,0.007,0.023190698,32.5132709,172.4592655,90.59690558,7.499178915,0.471670849,479.4367404,341.4072771
24,15,27.27272727,45,24,13.09090909,0.005,0.013363636,0.014622378,0.080357571,0.007,0.059066385,21.79563227,94.77465223,106.7551323,7.755837093,0.400985042,452.5169945,239.5129217
42,45,50,120,13.33333333,24,0.038182364,0.11250075,0.024038606,0.0600003,0.050222222,0.017,19.74139548,107.7032315,83.51284634,6.723584709,0.398582192,482.7478511,329.0115551
33.6,18,75,32.72727273,10,48,0.213819273,0.006,0.01,0.179181818,0.012111111,0.017,26.31778956,137.0978854,98.09347089,9.594486677,0.473602115,566.6368867,327.6562502
24,30,100,90,20,28.8,0.021818727,0.006,0.019230885,0.160714714,0.016666833,0.017,24.70895463,122.5988186,121.4093382,7.558429464,0.294087193,686.2019498,442.9167119
16.8,22.5,50,90,30,16,0.025455152,0.05625075,0.016025769,0.0450003,0.007,0.027825581,20.91304314,101.1775974,88.59327925,7.468690225,0.333935173,554.515525,265.0447823
14,22.5,37.5,120,30,16,0.073636364,0.337502,0.025755659,0.150000375,0.008333444,0.055683721,22.23685123,98.92969326,109.4180548,6.833562449,0.5397663,584.2820041,239.9776765
24,30,60,60,10,20.57142857,0.109091818,0.006,0.019230897,0.012,0.017952381,0.017,21.09062444,101.4003237,93.69824713,11.25302846,0.305591263,538.980065,268.6880676
14,20,27.27272727,120,10.90909091,48,0.005,0.1400012,0.01,0.150000375,0.036909091,0.111628256,21.88013977,92.36711444,94.03039734,8.157299952,0.301118906,486.3303511,249.0124645
15.27272727,22.5,60,120,24,16,0.069422397,0.337502,0.0576925,0.900001,0.007,0.022666667,23.64541763,104.4514031,83.63986395,7.162451972,0.403261568,494.6107612,321.6484207
28,22.5,33.33333333,36,12,14.4,0.005,0.0225006,0.01,0.0900005,0.036,0.017023256,21.09503996,106.1132102,96.62664202,8.235782118,0.501665531,500.7961914,247.4086039
15.27272727,60,30,51.42857143,12,24,0.00631154,0.4200012,0.029505495,0.012,0.0268,0.017,19.21750868,120.2235212,95.83167776,6.595913918,0.459102747,530.6390025,259.6839502
33.6,16.36363636,25,120,15,13.09090909,0.076364318,0.081819182,0.057653846,0.3000005,0.007944444,0.059066385,20.51863314,187.6279411,88.74486303,7.182695526,0.477912052,785.5119784,232.9034657
18.66666667,22.5,50,72,24,48,0.254547273,0.337502,0.034340824,0.090000375,0.020000167,0.017,20.47586159,10.80801503,95.4711759,7.449643133,0.551504679,520.1081163,251.1270863
14,30,50,72,15,14.4,0.054025974,0.006,0.01,0.2520006,0.007,0.029686047,24.5843579,124.4679945,102.3623895,6.613996674,0.27179533,602.2708365,353.528213
16.8,25.71428571,75,90,17.14285714,20.57142857,0.229092727,0.006,0.051511154,0.45000075,0.012,0.017351052,19.65914943,121.5154651,115.440648,7.735027637,0.462538293,551.0393542,335.8124372
42,60,30,30,13.33333333,28.8,0.005,0.6000015,0.01,0.012,0.007,0.017,19.45807068,118.6101735,83.7799014,6.673637165,0.526290043,544.5271564,278.665725
42,20,27.27272727,51.42857143,10.90909091,36,0.381819545,0.100001,0.055468531,0.012,0.036909091,0.083721279,20.72175347,133.3483053,87.09820822,7.733800207,0.422106532,1238.76646,293.0925801
33.6,22.5,100,45,17.14285714,36,0.213819273,0.010227818,0.096154038,0.080357571,0.016380952,0.017,22.81709939,106.4501904,137.2559393,8.264282692,0.329726043,915.6904825,266.6947396
56,30,100,45,24,48,0.254546364,0.3000015,0.019230885,0.080357571,0.007,0.078139814,20.01114608,95.28877795,83.23241964,6.75256799,0.648510227,605.5676189,263.0118226
14,36,37.5,45,15,48,0.101090909,0.180001,0.012019359,0.012,0.0243,0.017,28.44872059,109.5845169,111.3758521,9.448840172,0.362457123,630.7078571,251.5863239
42,36,30,45,10,24,0.19091,0.180001,0.01,0.1125005,0.022333333,0.095906977,24.93155469,98.89399826,90.59669835,7.49974446,0.593282614,457.9767407,314.2356401
21,15,75,36,30,48,0.047727955,0.249,0.072115577,0.064286143,0.007,0.078139814,22.03183964,92.89078231,104.32547,7.260309876,0.705812954,502.3972735,264.7769944
15.27272727,22.5,42.85714286,36,40,24,0.00631154,0.010227818,0.013736392,0.064286143,0.011111222,0.095906977,21.71508269,99.71593339,105.4128408,6.74779623,0.774906567,698.3851524,301.3714834
42,16.36363636,30,32.72727273,17.14285714,20.57142857,0.017355868,0.007438562,0.01,0.179181818,0.016380952,0.017,26.11194355,98.33943197,116.7988989,6.793076357,0.434688507,600.8412234,230.2453495
24,20,37.5,45,17.14285714,16,0.077922857,0.2000015,0.01802899,0.0225003,0.016380952,0.105209302,21.12048055,109.9331308,102.4190447,6.683617878,0.605123004,565.4017017,226.2159415
21,60,75,36,30,18,0.133637455,0.6000015,0.014423192,0.012,0.05000025,0.040976744,22.38234498,100.2610638,100.6661043,6.367637838,0.701457115,568.232995,304.001295
28,22.5,27.27272727,36,40,14.4,0.38182,0.1575012,0.041853147,0.012,0.011111222,0.045162791,18.1431058,99.70971392,95.64336384,6.870045298,0.258478264,580.44264,242.2604903
42,15,30,120,30,13.09090909,0.572729091,0.168,0.012,0.60000075,0.075000333,0.059066385,21.30579868,153.8830189,95.92104286,8.328818411,0.455430625,556.8529717,253.0943874
24,18,50,90,24,24,0.005,0.008182364,0.034340824,0.020454818,0.060000333,0.018523256,37.82081568,104.440295,88.79000286,7.951374465,0.189377318,615.5285415,304.5702309
16.8,15,75,72,10,12,0.229092727,0.168,0.216346538,0.128571857,0.010066667,0.060334884,23.76067357,97.02425561,101.5322121,7.418976104,0.34525932,576.0075395,248.4275557
14,15,37.5,40,15,24,0.054025974,0.063857143,0.012019359,0.050000375,0.007,0.025156146,18.43804817,110.5279166,115.4997859,8.411777243,0.613877798,509.7481947,214.7554899
56,45,27.27272727,72,17.14285714,12,0.084849091,0.675002,0.014622378,0.060000333,0.008714286,0.060334884,18.78955914,104.7108081,93.20188528,7.090357233,0.369236044,559.0709461,223.0688252
16.8,36,30,120,24,14.4,0.0381825,0.060000667,0.029505495,0.0600003,0.010000125,0.107069767,19.22178766,130.2586041,95.22189187,6.564916894,0.446563795,483.2782822,283.0634091
24,36,33.33333333,45,17.14285714,14.4,0.109091818,0.060000667,0.01,0.22500075,0.007,0.017,17.04101669,93.43045602,91.30745672,8.49012326,0.50045784,496.6911475,357.1924306
42,25.71428571,37.5,40,30,16,0.017355868,0.04285781,0.036057885,0.012,0.0350002,0.022666667,20.88925968,113.8194041,93.77662973,6.381298222,0.466944685,502.1842637,272.8079797
24,16.36363636,25,32.72727273,24,12,0.109091818,0.114546655,0.021346154,0.179181818,0.007,0.039109635,18.0668109,120.6726071,88.46499538,6.874902078,0.306869501,563.3302259,264.4282182
28,60,25,120,15,48,0.011570744,0.4200012,0.013094406,0.3000005,0.018166667,0.167442326,19.51186907,89.49893032,93.13641778,6.395324348,0.529026424,562.1739354,218.712578
24,22.5,37.5,60,12,14.4,0.152728364,0.006,0.025755659,0.30000075,0.010444444,0.057544186,19.68581841,97.39278236,104.9240791,9.584773697,0.500582181,719.2941956,263.9405393
28,36,75,72,13.33333333,24,0.005,0.016364182,0.216346538,0.540001,0.007,0.034,21.56173923,88.77085398,87.49313693,7.461105075,0.479575261,503.5017562,294.1850701
21,22.5,100,72,30,48,0.286365455,0.006,0.019230885,0.128571857,0.017857286,0.167442326,19.18760993,129.8347697,99.90012145,8.789309059,0.326078607,833.3375945,329.5674734
28,30,100,60,20,28.8,0.254546818,0.107143714,0.134615615,0.450001,0.007,0.046884,19.70880642,90.47912558,104.0842228,6.964749848,0.502367196,527.8925416,260.5977884
42,45,60,30,30,36,0.572729091,0.11250075,0.028846298,0.099,0.008333444,0.05860493,17.71794617,103.0236061,91.72057978,8.431962297,0.325604422,521.5721164,245.9450251
15.27272727,36,60,32.72727273,15,13.09090909,0.023141102,0.060000667,0.019230897,0.022581818,0.007,0.017,17.02904904,103.9545749,93.74875312,6.525329177,0.876370615,545.7124252,251.1401188
42,25.71428571,27.27272727,30,12,48,0.136364416,0.385716286,0.075891608,0.012,0.016285714,0.018604806,24.25354711,118.8573001,128.1457203,10.58524404,0.514684236,522.611239,279.2851157
15.27272727,18,25,30,20,36,0.069422397,0.1800015,0.044038462,0.1338,0.007,0.020930407,28.37002908,93.10535686,91.04494281,7.603119024,0.340158953,455.6633169,281.1008843
24,45,100,90,24,16,0.109091818,0.4500015,0.068681484,0.2250005,0.007,0.017,20.38205652,105.2316866,90.17922392,7.522450483,0.444710353,425.8188731,272.8950378
15.27272727,30,100,90,10,18,0.069422397,0.150001,0.096154038,0.45000075,0.012111111,0.017,18.52035461,105.8660279,126.9142049,6.632982216,0.437815178,463.7992297,374.7648873
21,45,25,51.42857143,24,36,0.095455455,0.11250075,0.112115385,0.257143607,0.010000125,0.017,29.34833452,81.36921878,90.35700453,9.560652524,0.438126399,501.3429479,267.6927929
42,25.71428571,60,32.72727273,40,16,0.19091,0.091837592,0.028846298,0.048681818,0.0333335,0.043302326,23.28346351,85.57050998,92.19064722,6.620536496,0.557417178,547.1809396,293.1399703
14,20,60,45,13.33333333,36,0.018727273,0.071429429,0.173077308,0.1125005,0.025688889,0.029900532,18.75619138,92.89166567,85.57135276,6.846097834,0.782841408,507.7106984,278.5426432
21,16.36363636,50,36,30,16,0.019091455,0.027273394,0.048077115,0.0900005,0.025000167,0.017,20.02238704,94.54806948,109.5312555,9.737259752,0.801308782,580.9252522,263.4911357
18.66666667,15,27.27272727,40,30,36,0.11878897,0.249,0.010909091,0.1000005,0.012500125,0.017,20.56596906,136.6102805,90.24855855,10.35456127,0.42759847,517.1665089,254.7207094
16.8,60,37.5,45,30,28.8,0.076364545,0.0600006,0.01802899,0.1125005,0.007,0.017,18.99414958,123.843164,112.1246915,7.339782231,0.431092161,654.9631789,226.9759848
15.27272727,15,100,32.72727273,40,36,0.023141102,0.249,0.096154038,0.067324675,0.007,0.05860493,22.72422579,111.4728796,83.67219578,6.870340661,0.331755332,486.6435932,384.9255795
18.66666667,15,37.5,40,10.90909091,18,0.042424924,0.006,0.012019359,0.1400006,0.009309091,0.03213289,18.38539076,101.4206996,85.33228599,7.180653981,0.360237991,591.127178,237.1996974
21,36,33.33333333,72,13.33333333,36,0.047727955,0.0360006,0.013333333,0.060000333,0.007,0.017,19.87196513,138.265135,115.0257211,9.559283182,0.553237176,541.8338194,286.8881469
56,30,50,72,15,12,0.023140992,0.013636909,0.01,0.128571857,0.007944444,0.019813953,26.99565065,98.02815514,89.04593918,24.67138841,1.026756798,557.2814088,236.7719054
21,22.5,25,60,15,24,0.047727955,0.1575012,0.112115385,0.107143286,0.007944444,0.046381395,20.70495638,108.3259603,88.89504695,8.085526732,0.408529792,665.0020451,253.666685
42,60,60,60,10.90909091,18,0.267273818,0.4200012,0.019230897,0.012,0.027709091,0.0255,23.14212744,98.16879671,100.4194138,8.02532485,0.580266993,502.690775,277.3361009
24,45,30,60,10,48,0.077922857,0.11250075,0.01,0.2100006,0.007,0.017,20.25186511,118.7978711,73.64023458,8.606889688,0.24076653,496.0330436,294.0120892
21,20,27.27272727,72,17.14285714,13.09090909,0.005,0.300002,0.041853147,0.060000333,0.007,0.077638478,20.66630886,113.1278898,86.76239249,7.104177749,0.33912697,497.1296086,302.3283729
14,15,100,72,40,14.4,0.054025974,0.006,0.03205141,0.1800005,0.066666917,0.107069767,22.37442297,94.6736911,100.601979,9.791870197,0.57308786,552.8690391,281.5191331
15.27272727,60,42.85714286,120,20,13.09090909,0.023141102,0.006,0.013736392,0.012,0.016666833,0.077638478,25.29223369,100.9812883,89.24703629,6.977194245,0.363433704,544.3940831,359.6865144
28,45,30,30,10.90909091,14.4,0.127273636,0.225001,0.073269231,0.0555,0.052242424,0.107069767,26.97092684,125.7962687,111.1914645,7.261474174,0.464701917,547.2124456,284.4618587
15.27272727,30,60,30,13.33333333,14.4,0.208266281,0.107143714,0.019230897,0.012,0.015174603,0.0204,18.54548795,93.72912214,91.08875107,6.486783875,0.563008251,600.6610162,346.5947335
42,30,27.27272727,32.72727273,10,13.09090909,0.038182364,0.150001,0.041853147,0.048681818,0.037666667,0.037841136,23.20288822,160.4785921,93.36608369,8.192127549,0.997129709,551.4273445,260.3337708
16.8,36,60,120,10.90909091,28.8,0.005,0.180001,0.01,0.0600003,0.009309091,0.017,17.40453481,123.0073552,95.13150235,8.20749927,0.360555983,528.6701745,247.7506822
28,36,27.27272727,60,13.33333333,24,0.38182,0.060000667,0.019160839,0.1500005,0.025688889,0.017,19.25549384,137.7144501,90.61237286,6.39337753,0.39867494,527.3173459,245.7698031
21,45,30,40,20,20.57142857,0.031818788,0.4500015,0.016538462,0.20000075,0.007,0.050368106,18.54786765,99.94919389,89.65551396,6.952512868,0.450774183,1032.66251,273.2733677
21,18,27.27272727,36,24,24,0.047727955,0.270002,0.10993007,0.18000075,0.007,0.095906977,22.53273087,205.3714412,118.1216841,6.639779785,0.348350557,497.9003669,274.9581372
16.8,25.71428571,75,90,30,12,0.229092727,0.257144357,0.216346538,0.45000075,0.007,0.078906977,24.00172112,144.4398829,84.40489172,7.577568047,0.249514426,507.8544116,258.4664814
18.66666667,30,37.5,36,10,16,0.084849394,0.07500075,0.050481,0.012,0.053,0.055683721,21.88510164,109.2049812,97.76872654,8.604094064,0.169439079,509.9611027,300.2276255
24,30,42.85714286,36,30,16,0.218183182,0.450002,0.029435016,0.18000075,0.0350002,0.017,27.24897169,96.28492666,127.4388245,7.86491353,0.404807976,553.5839181,246.9002692
24,36,25,32.72727273,40,13.09090909,0.054546136,0.180001,0.112115385,0.092181818,0.007,0.026049331,19.24080087,100.2033951,99.84474499,5.702291115,0.968056669,550.638002,246.3232139
33.6,22.5,27.27272727,72,17.14285714,14.4,0.030546,0.112501,0.01,0.1800005,0.022514286,0.107069767,28.60221256,98.71475901,164.7790281,8.663751376,0.327230626,514.4645808,309.4581038
16.8,25.71428571,42.85714286,45,40,18,0.054546234,0.1800012,0.041208984,0.012,0.100000333,0.017,22.78630655,103.1392223,87.8381326,7.165668271,0.485137234,484.8789504,266.8322762
18.66666667,15,30,60,10.90909091,48,0.06060684,0.006,0.012,0.050000333,0.009309091,0.111628256,23.31935809,95.14129345,90.4121211,6.249955843,0.386958447,517.3766737,278.4941198
18.66666667,22.5,27.27272727,30,15,48,0.028283434,0.037500667,0.041853147,0.0294,0.018166667,0.017,22.63261644,97.39300099,88.41687353,6.655143398,0.666519816,504.0748136,253.6477727
56,20,27.27272727,51.42857143,15,18,0.084849091,0.300002,0.10993007,0.042857476,0.048833333,0.017,16.09196453,97.78501286,99.66043694,9.354141678,1.095787617,502.3006816,257.5036386
28,20,25,30,30,36,0.042424848,0.071429429,0.044038462,0.012,0.007,0.12558186,20.77140606,91.10658134,87.21635618,6.6431407,0.505007678,583.5497239,306.9017332
18.66666667,25.71428571,100,60,10,36,0.254547273,0.128572429,0.068681484,0.1500005,0.012111111,0.083721279,24.77675952,94.75103017,107.9665884,7.200880414,0.297784432,473.6188023,293.7632302
33.6,18,33.33333333,30,40,48,0.050909697,0.090001,0.104102564,0.099,0.046666867,0.039867309,18.30460217,93.07834719,87.29858401,7.689242858,0.377129651,586.7448213,269.1913062
24,18,100,60,40,48,0.021818727,0.008182364,0.03205141,0.075000375,0.100000333,0.017,22.41250232,108.5471466,88.80025555,9.567681384,0.440604051,536.9340019,251.5204126
33.6,15,33.33333333,51.42857143,15,36,0.213819273,0.033,0.013333333,0.257143607,0.007,0.041860698,23.7145459,110.4435937,132.1907985,7.186370739,0.298170672,530.1698882,264.4687072
21,15,50,51.42857143,13.33333333,14.4,0.286365455,0.033,0.016025769,0.257143607,0.025688889,0.036318937,24.56011757,96.27797255,95.01697149,6.785538288,0.219778825,558.3687815,360.3407444
42,25.71428571,42.85714286,30,10.90909091,20.57142857,0.19091,0.064286464,0.123626758,0.012,0.013909091,0.022509967,22.21521487,156.5286224,86.58548926,7.342584145,0.411341942,527.9592155,274.0212537
33.6,45,33.33333333,45,40,24,0.030546,0.225001,0.049641026,0.0225003,0.023809667,0.064953488,18.10571524,138.4092133,109.9327876,6.214636854,0.4587224,614.3284867,263.4914382
56,25.71428571,30,120,24,18,0.084849091,0.128572429,0.012,0.4200006,0.007,0.03213289,22.71374881,112.6359053,87.98310685,8.154190684,0.307755922,863.5695492,258.7241121
21,20,37.5,40,13.33333333,14.4,0.005,0.100001,0.01,0.1400006,0.009333333,0.036318937,19.40362875,88.34417404,145.2310487,6.325559066,0.302500695,527.059172,261.3411739
18.66666667,18,25,90,24,18,0.005,0.1800015,0.057653846,0.3150006,0.014285857,0.03213289,26.96545356,102.8446333,100.9531405,7.636071666,0.413125467,666.8169342,280.4118736
42,45,33.33333333,60,17.14285714,18,0.572729091,0.160715143,0.01900641,0.050000333,0.007,0.017,29.08973592,100.7174207,101.0796233,9.793295397,0.38577484,1050.342854,258.1718743
42,15,50,60,30,48,0.572729091,0.063857143,0.01,0.0300003,0.007,0.017,17.07222096,113.1357972,145.4506619,6.889998336,0.378413646,484.0678765,377.9273753
28,36,25,90,15,28.8,0.09090987,0.060000667,0.034313187,0.112500375,0.0105,0.017,19.48876942,107.7185107,115.5791902,7.21846611,0.37908021,630.0777233,431.6947867
21,45,100,32.72727273,10.90909091,13.09090909,0.095455455,0.0450006,0.192307981,0.012,0.027709091,0.046684989,17.80456706,111.7673047,114.6856992,9.08193655,0.381175324,563.9816717,404.1151886
56,22.5,33.33333333,45,10,16,0.181818961,0.112501,0.049641026,0.22500075,0.017952381,0.074255814,19.43999452,117.3378251,104.4902737,7.713326251,0.362351226,591.9025927,240.9240653
24,16.36363636,30,45,24,20.57142857,0.009917851,0.006,0.01,0.012,0.060000333,0.017,19.18497834,126.8738662,96.56066127,8.240557972,0.472084038,503.9092178,263.0599823
42,22.5,60,60,15,16,0.572729091,0.010227818,0.041208956,0.050000333,0.0243,0.018539535,19.82838736,119.9770114,91.60601625,7.435830362,0.545397182,624.5660354,318.4055831
42,60,75,90,40,48,0.572729091,0.300001,0.01,0.675001,0.011111222,0.055814186,20.05381383,106.5868388,91.9072542,9.002079378,0.461808255,499.0757796,235.9861531
28,20,60,45,20,48,0.127273636,0.2000015,0.041208956,0.337501,0.007,0.167442326,20.54783076,96.59313467,87.71261873,7.099809892,0.396233801,490.8370177,288.5067133
42,25.71428571,50,45,12,18,0.005,0.1800012,0.01,0.1125005,0.036,0.102883721,22.63880188,111.0658267,117.7506103,6.749898779,0.632326907,701.3072785,263.9882363
56,60,42.85714286,72,12,13.09090909,0.356364727,0.027273273,0.01,0.128571857,0.007,0.046684989,26.13308868,102.6863534,91.58461458,7.71106778,0.319624783,488.493358,283.7936177
24,16.36363636,42.85714286,51.42857143,13.33333333,13.09090909,0.005,0.016364236,0.029435016,0.064286089,0.007288889,0.021922199,25.66896728,135.0923504,103.2607208,6.651618099,0.405483738,589.833089,250.7244259
42,45,33.33333333,120,20,24,0.005,0.4500015,0.01,0.3000005,0.033333583,0.034,23.24901837,99.76372048,81.64182494,6.662830825,0.575265605,583.5447741,282.1389081
18.66666667,16.36363636,60,45,12,13.09090909,0.06060684,0.163637864,0.115384904,0.056250375,0.036,0.021922199,23.11277699,181.5254074,95.81340813,6.577627491,0.3754648,578.6017193,313.7642003
18.66666667,20,50,36,15,14.4,0.016970242,0.2000015,0.067307923,0.012,0.013785714,0.017,18.90180666,101.1753108,108.7298869,7.122053227,0.295089295,483.9510463,304.366782
42,45,37.5,60,15,13.09090909,0.017355868,0.075000667,0.050481,0.2100006,0.007944444,0.021922199,19.15231955,105.2519062,86.19125525,7.528608195,0.53677173,528.1165029,270.2260735
28,16.36363636,30,30,10,18,0.178182909,0.163637864,0.012,0.099,0.008393939,0.102883721,21.31010429,112.7270992,125.4222381,8.156262744,0.58430439,557.4254295,327.9589518
24,22.5,50,120,10,13.09090909,0.218183182,0.2250015,0.067307923,0.150000375,0.017952381,0.018545455,23.0360104,100.2927236,99.99400027,7.116544458,0.47689467,508.2191696,288.3669159
28,25.71428571,37.5,40,40,16,0.178182909,0.128572429,0.036057885,0.012,0.011111222,0.018539535,22.67704017,96.17671187,89.08709938,9.413318611,0.49335053,790.0307516,227.8758763
18.66666667,60,25,51.42857143,13.33333333,28.8,0.169698333,0.4200012,0.027019231,0.385715286,0.009333333,0.066977093,18.9477667,130.2081755,111.0463814,7.942308194,0.438605525,665.092061,293.6472727
42,16.36363636,60,120,24,36,0.267273818,0.007438562,0.01,0.027273,0.04000025,0.041860698,18.22162744,117.068745,86.30014624,9.761186787,0.324326782,570.8476389,266.6245516
33.6,60,27.27272727,90,40,48,0.305455909,0.15000075,0.010909091,0.0450003,0.011111222,0.017,19.45218767,98.79715953,96.91749203,8.693504337,0.590083881,573.9709418,277.2221143
21,22.5,30,45,20,12,0.019091455,0.0225006,0.052846154,0.1575006,0.050000333,0.023190698,26.17307048,88.67142227,103.5981362,8.854197504,0.638778686,524.307718,261.412995
15.27272727,18,75,120,40,36,0.049587556,0.090001,0.144231058,0.100000333,0.0333335,0.017,19.06300522,103.2136255,85.16716083,9.556818809,0.46268459,480.974759,318.0396167
56,18,27.27272727,45,40,16,0.181818961,0.090001,0.019160839,0.080357571,0.0333335,0.017,26.67892261,107.3012789,90.06388838,7.57223697,0.529115913,641.7910553,397.4289775
15.27272727,30,75,60,17.14285714,36,0.097191174,0.107143714,0.02403859,0.075000375,0.007,0.017,22.44549672,96.67588799,94.35596598,6.960900565,0.530468699,638.2461351,275.5575637
15.27272727,16.36363636,42.85714286,30,30,12,0.138844339,0.058442416,0.01,0.0294,0.007,0.060334884,23.19264907,112.3237116,127.9444027,7.71512531,0.294636131,667.2704029,255.044231
42,60,75,120,15,16,0.06363697,0.100000667,0.144231058,0.0600003,0.007,0.017,24.58661511,101.8112414,116.4764137,9.082317121,0.662487119,564.2588821,247.3931108
15.27272727,30,37.5,90,20,14.4,0.00631154,0.107143714,0.108173462,0.3150006,0.033333583,0.076116279,21.50548697,98.84138312,114.8749602,7.707579608,0.489959425,518.6772296,277.6326674
24,30,100,32.72727273,10,24,0.054546136,0.013636909,0.03205141,0.022581818,0.053,0.034,28.28554832,116.8066157,123.0040135,7.916602815,0.335244194,534.3183293,291.2492616
33.6,30,100,36,12,14.4,0.013884793,0.07500075,0.288461923,0.064286143,0.0268,0.0204,21.41905229,105.9076147,91.3212097,7.095956877,0.617983151,506.6192282,258.5456152
42,20,60,72,40,36,0.136364416,0.05000075,0.011538577,0.1800005,0.007,0.017,18.61076971,105.1919307,87.87626234,8.436196853,0.467572692,494.887933,361.7870489
42,16.36363636,50,72,13.33333333,16,0.005,0.058442416,0.034340824,0.016363909,0.025688889,0.027825581,19.18644759,106.3966568,89.37563169,9.034534996,0.383735585,537.4733017,263.390685
33.6,45,25,51.42857143,30,14.4,0.005,0.075000667,0.021346154,0.012,0.012500125,0.045162791,22.85803767,104.832896,99.89313079,8.204373987,0.464697191,513.9743444,305.1976397
24,22.5,42.85714286,36,17.14285714,20.57142857,0.054546136,0.1575012,0.123626758,0.0180003,0.047047619,0.017,18.35282611,141.3878043,91.63603499,6.832185727,0.405077651,582.4669981,244.2992645
33.6,60,25,72,30,48,0.305455909,0.100000667,0.01,0.090000375,0.0350002,0.078139814,18.65052658,98.70413555,100.2221551,7.528445693,0.378065147,624.163601,271.4289737
42,60,30,30,40,28.8,0.017355868,0.6000015,0.01,0.074142857,0.066666917,0.017,20.7147595,95.24736252,93.34288776,8.48140745,0.388307127,525.1344284,261.3132813
18.66666667,30,27.27272727,32.72727273,40,12,0.254547273,0.0300006,0.01,0.034181818,0.016666792,0.078906977,35.42274851,88.1683284,92.36697235,7.307721366,0.539611963,565.8350327,242.0691249
24,30,50,36,15,24,0.021818727,0.0300006,0.024038606,0.270001,0.0105,0.095906977,18.92947016,95.08352495,97.97912669,8.260710865,0.630222982,522.7929914,276.8160855
28,45,30,72,24,36,0.011570744,0.675002,0.073269231,0.0360003,0.0280002,0.017,20.89210008,89.70594999,112.0338677,8.088358327,0.445863815,659.507867,263.8054507
15.27272727,30,33.33333333,120,13.33333333,13.09090909,0.034711426,0.006,0.01,0.0600003,0.009333333,0.046684989,22.48304024,89.00118794,71.41910067,6.73836424,1.011573891,921.6546159,297.7366807
14,60,30,51.42857143,17.14285714,28.8,0.210909091,0.100000667,0.039230769,0.257143607,0.012,0.017,30.18939839,98.26562144,108.6769032,8.326471692,0.440521225,544.5217316,290.5051459
15.27272727,36,33.33333333,30,24,16,0.013884843,0.180001,0.049641026,0.0294,0.007,0.017,22.53501411,103.9421831,86.56580968,7.168700978,0.4229951,579.1911588,366.721335
56,20,30,36,12,16,0.005,0.100001,0.012,0.1260006,0.010444444,0.017,19.18736391,116.9666962,90.81389584,9.158851403,0.613740658,496.887077,260.7630038
42,22.5,33.33333333,60,17.14285714,14.4,0.017355868,0.2250015,0.070064103,0.107143286,0.007,0.076116279,19.75146202,90.74143656,92.32528678,6.61524071,0.587294701,522.0628993,262.2751841
28,25.71428571,37.5,45,13.33333333,12,0.005,0.385716286,0.01802899,0.056250375,0.015174603,0.039109635,22.25263299,117.578161,105.1024735,7.143812907,0.911157822,597.9821501,293.7286912
24,16.36363636,50,51.42857143,15,16,0.218183182,0.163637864,0.01,0.064286089,0.018166667,0.017,21.33701767,104.4614427,75.98486195,6.414473464,0.578825577,549.5156034,256.8096712
15.27272727,15,100,36,40,28.8,0.013884843,0.0465,0.03205141,0.012,0.046666867,0.017,18.76357201,120.3228215,122.5372812,6.721632581,0.335519308,520.2974847,244.5667582
15.27272727,60,75,51.42857143,10,18,0.097191174,0.15000075,0.036057837,0.025714586,0.007,0.040976744,19.18306765,144.5902322,98.99940331,6.146482407,0.427902413,594.0999782,280.502704
28,22.5,25,120,13.33333333,36,0.09090987,0.337502,0.027019231,0.150000375,0.025688889,0.029900532,24.23691124,105.1618689,97.57959073,8.685545997,0.368907762,518.1499328,263.6629104
16.8,18,30,120,10.90909091,36,0.076364545,0.008182364,0.039230769,0.027273,0.007,0.083721279,23.44182085,109.5175621,87.56165549,6.490870156,0.560006368,486.4497957,242.0211687
16.8,30,30,45,13.33333333,12,0.106910182,0.150001,0.022211538,0.1575006,0.011888889,0.078906977,21.42955144,112.1563452,89.58740712,7.710950212,0.323939555,488.5353351,240.0067342
16.8,16.36363636,50,90,10.90909091,12,0.054546234,0.058442416,0.048077115,0.160714714,0.052242424,0.078906977,19.67279894,95.95219464,91.6823444,7.37927031,0.830783842,688.5125419,280.0033136
18.66666667,25.71428571,60,36,24,13.09090909,0.042424924,0.04285781,0.01,0.045000375,0.014285857,0.108591966,22.04800053,131.730415,92.82196637,6.556059107,0.840586981,614.9797326,283.2335113
56,60,37.5,120,17.14285714,12,0.005,0.100000667,0.01802899,0.60000075,0.012,0.078906977,16.11269309,117.0745445,89.41435306,6.776956356,0.510449286,554.4680439,254.4128397
33.6,60,25,40,10.90909091,20.57142857,0.005,0.300001,0.034313187,0.050000375,0.011353535,0.017,19.91540209,97.47166262,89.65277194,8.226386662,0.317484417,573.3508518,296.6965392
14,22.5,50,120,20,48,0.073636364,0.2250015,0.01,0.012,0.023333533,0.017,18.94449766,95.7562854,111.5825641,6.926456707,0.592735075,548.2828806,256.2848407
21,22.5,50,90,13.33333333,12,0.068182597,0.05625075,0.067307923,0.112500375,0.009333333,0.027317829,20.58368773,87.49040544,125.213165,6.911240651,0.448076352,640.4687249,240.2294086
15.27272727,25.71428571,50,30,13.33333333,24,0.049587556,0.011688857,0.016025769,0.099,0.025688889,0.046381395,20.33389254,105.2139771,97.93973901,7.61064323,0.500169175,446.8849248,229.5810459
24,25.71428571,30,120,17.14285714,28.8,0.077922857,0.006,0.012,0.027273,0.022514286,0.066977093,21.8022592,99.59501357,151.4796259,8.78944003,0.551069631,672.6281731,325.3811185
42,60,33.33333333,72,17.14285714,48,0.017355868,0.300001,0.01,0.2520006,0.007,0.027907151,18.95392742,108.2111436,101.4419271,6.739030041,0.417689224,569.6649485,280.1284729
21,45,60,36,10,18,0.019091455,0.11250075,0.173077308,0.030000333,0.028466667,0.020341085,17.39720195,98.0171055,105.6812823,8.593536288,0.661817347,571.482259,297.1343196
16.8,15,25,40,40,36,0.0381825,0.0465,0.078076923,0.050000375,0.007,0.017,20.90379565,103.9337445,101.3681849,7.687019217,0.516848732,611.7082774,354.213172
16.8,36,30,120,13.33333333,36,0.152728636,0.128572286,0.107307692,0.150000375,0.034888889,0.12558186,18.90152234,103.2844531,82.16088483,7.581359771,1.038504026,472.315149,330.9930999
33.6,36,100,45,40,14.4,0.213819273,0.060000667,0.068681484,0.056250375,0.0333335,0.017023256,18.10662923,112.9864094,91.91981974,7.026397888,0.37831553,478.2198879,356.3738276
33.6,60,75,51.42857143,30,24,0.213819273,0.006,0.100961769,0.091837163,0.025000167,0.025156146,20.61860901,108.0234704,85.14135482,6.991115659,0.600965657,543.7816388,353.1057837
33.6,45,27.27272727,60,24,28.8,0.213819273,0.160715143,0.075891608,0.050000333,0.007,0.066977093,20.02756839,129.0087248,102.4678194,6.413590509,0.579333789,552.4427594,252.142213
14,16.36363636,27.27272727,90,15,18,0.027878788,0.114546655,0.032127872,0.0450003,0.018166667,0.017,18.51712981,97.58990966,102.5479526,8.357879237,0.355354688,559.9923478,294.7809884
42,22.5,25,51.42857143,17.14285714,13.09090909,0.06363697,0.080358,0.013094406,0.012,0.016380952,0.026049331,20.09409184,91.79202627,92.71458976,6.309355731,0.568009431,525.5957968,261.124448
33.6,22.5,75,120,24,13.09090909,0.152728182,0.037500667,0.01,0.100000333,0.010000125,0.031208245,19.6551201,96.00851463,108.8210555,8.090351657,0.775798672,647.8884974,334.0649791
33.6,30,42.85714286,90,15,13.09090909,0.005,0.07500075,0.01,0.3150006,0.007944444,0.059066385,18.02218855,90.94203102,90.64643124,7.536590199,0.360570518,613.1364,347.6068067
16.8,45,30,90,24,48,0.0381825,0.225001,0.039230769,0.2250005,0.007,0.039867309,16.62941525,101.576834,142.335264,8.506060886,1.802750323,509.4689575,252.7033911
33.6,30,75,90,15,36,0.050909697,0.150001,0.02403859,0.2250005,0.0105,0.041860698,22.09272526,100.9547421,86.48138422,7.173047611,0.715031455,736.297054,321.8179458
24,45,30,51.42857143,10.90909091,12,0.077922857,0.11250075,0.01,0.128571929,0.052242424,0.032476744,24.01238659,200.7001669,93.54858457,8.558409198,0.872268511,621.2538895,264.0510979
33.6,15,100,32.72727273,30,36,0.005,0.0465,0.01,0.013090909,0.008333444,0.041860698,21.08262154,100.8287701,105.8031219,7.131116135,0.699485095,592.1592365,260.6400236
21,36,37.5,40,40,14.4,0.133637455,0.09000075,0.01802899,0.050000375,0.007,0.045162791,23.75362749,126.1479313,71.33418438,7.178008828,0.501027477,671.8957635,312.4762099
56,20,60,90,15,18,0.254546364,0.100001,0.0576925,0.45000075,0.013785714,0.020341085,19.47174098,127.0453287,100.5382927,8.614956601,0.50072672,570.4962543,243.3222984
28,45,100,120,13.33333333,16,0.042424848,0.0450006,0.03205141,0.150000375,0.025688889,0.027825581,19.83325274,106.5083066,85.27269958,8.417299893,0.326257121,529.9820656,341.2028262
33.6,25.71428571,25,30,20,24,0.050909697,0.006,0.01,0.0555,0.023333533,0.034,20.9850764,159.1966692,80.72000169,7.718371605,0.441849884,666.0825092,326.2039185
16.8,15,60,45,13.33333333,48,0.054546234,0.013363636,0.0576925,0.056250375,0.034888889,0.017,26.48846645,92.10539715,118.7995344,6.934804014,0.369085738,449.8823347,300.9930685
33.6,18,50,72,10.90909091,14.4,0.109091688,0.090001,0.01,0.36000075,0.009309091,0.107069767,32.90435916,232.184273,85.62471747,7.207497079,0.47942859,478.0159007,267.1324899
56,45,27.27272727,120,12,18,0.254546364,0.160715143,0.055468531,0.4200006,0.010444444,0.020341085,18.82484624,110.7205743,96.77189191,6.779634929,0.307422976,602.8888831,324.0276108
16.8,18,42.85714286,90,24,48,0.229092727,0.008182364,0.082417871,0.020454818,0.007,0.111628256,35.68270042,91.9171109,87.70689326,7.221800273,0.425991777,463.2120196,283.2671707
15.27272727,20,25,120,20,16,0.023141102,0.009091455,0.016807692,0.012,0.016666833,0.027825581,20.56524343,122.237979,83.57340996,7.027033638,0.377085713,551.9209509,297.8180358
16.8,18,33.33333333,40,20,16,0.006942645,0.030000667,0.049641026,0.012,0.033333583,0.017,20.4141098,109.5024237,88.60340609,6.921795054,0.286809196,503.4371936,272.2158663
18.66666667,45,27.27272727,60,12,18,0.254547273,0.160715143,0.024833916,0.0300003,0.036,0.040976744,26.66130522,99.73453517,87.00529805,6.816583912,0.438700671,499.9809985,293.5062113
21,45,25,36,20,20.57142857,0.047727955,0.3150012,0.01,0.18000075,0.008333458,0.029142857,19.66405807,134.9880117,128.7913718,7.381342775,0.246671094,565.911965,309.5302129
24,20,100,120,17.14285714,20.57142857,0.036364242,0.0200006,0.01,0.012,0.047047619,0.017,17.41365881,93.03254693,92.03518649,6.624037639,0.613725334,751.2694022,252.4626168
16.8,45,33.33333333,72,13.33333333,12,0.0381825,0.020455091,0.01,0.090000375,0.025688889,0.023190698,18.07431251,100.6339714,98.14423192,7.577334109,0.421466536,488.6934047,293.0233742
16.8,15,42.85714286,32.72727273,12,16,0.025455152,0.063857143,0.013736392,0.266181818,0.007,0.017,12.72628027,114.6723392,115.3177869,7.999904835,0.432077672,659.7127953,241.1775447
42,18,75,36,15,12,0.136364416,0.1260012,0.216346538,0.18000075,0.0105,0.027317829,20.43882338,101.8540054,157.9666707,8.431187764,0.474672214,745.5759821,228.1002883
56,15,100,40,17.14285714,12,0.050909636,0.087,0.01,0.012,0.047047619,0.078906977,32.02990864,97.31197601,77.68009337,14.51469444,0.19582028,498.1094211,476.1244661
28,20,75,36,17.14285714,36,0.127273636,0.05000075,0.01,0.270001,0.047047619,0.12558186,19.0463055,95.79507482,98.98511251,6.097411931,0.357941412,500.3429117,279.2546053
21,16.36363636,42.85714286,32.72727273,30,12,0.133637455,0.006,0.013736392,0.179181818,0.008333444,0.019813953,19.95834103,134.653967,128.1012718,6.126834569,0.34783737,623.7829555,317.0347447
16.8,30,33.33333333,51.42857143,40,12,0.106910182,0.013636909,0.036025641,0.385715286,0.007,0.032476744,18.3549857,99.34715311,87.24086406,8.306787243,0.413946965,480.2742839,249.1021435
24,15,60,30,30,16,0.218183182,0.087,0.173077308,0.0555,0.025000167,0.017,23.78624098,94.57621158,107.7131488,12.14448724,0.547655295,478.8644987,236.2103231
28,25.71428571,30,40,13.33333333,14.4,0.127273636,0.257144357,0.107307692,0.1400006,0.011888889,0.107069767,51.48553166,109.0623058,137.7858014,7.216805588,0.501162137,498.4621049,331.2464669
33.6,30,42.85714286,45,17.14285714,24,0.109091688,0.0300006,0.123626758,0.080357571,0.031714286,0.018523256,21.24745495,102.7365178,98.19324323,6.8100657,0.379881784,769.5202059,296.3167669
42,45,50,90,10,20.57142857,0.572729091,0.4500015,0.048077115,0.675001,0.012111111,0.050368106,23.6095473,97.34594836,78.04762484,8.272164047,0.547890687,578.1092495,226.6489102
42,36,30,30,13.33333333,16,0.095455227,0.2520012,0.022211538,0.012,0.019555556,0.043302326,22.99510787,93.22625958,131.3677698,7.763163223,0.435959263,496.3410509,252.9204849
24,20,75,30,40,18,0.218183182,0.033334,0.01,0.0294,0.011111222,0.040976744,19.04561062,123.3575591,83.2473304,11.87774843,0.462121947,579.3211478,285.8686406
28,45,30,30,40,12,0.254546818,0.006,0.039230769,0.0555,0.0333335,0.027317829,19.42077099,134.7994814,93.74745679,7.125400889,0.429699086,498.9535729,245.9369685
33.6,15,25,72,15,48,0.109091688,0.087,0.027019231,0.2520006,0.048833333,0.027907151,21.08778687,107.3397077,88.56303829,7.196412913,0.351667516,488.3906563,256.440667
21,16.36363636,27.27272727,51.42857143,17.14285714,28.8,0.005,0.040909841,0.032127872,0.1800006,0.007,0.100465581,18.60741902,137.6492664,89.01499122,7.828784811,0.447286721,569.9046351,315.848906
14,45,50,72,13.33333333,18,0.011239669,0.3150012,0.144231154,0.090000375,0.034888889,0.05335814,19.80135505,191.0987106,82.47317924,6.586470736,0.383896909,610.0899662,225.0337996
15.27272727,15,27.27272727,120,13.33333333,24,0.138844339,0.1194,0.10993007,0.3000005,0.025688889,0.017,24.35898437,133.4510611,80.63673369,6.811118239,0.020261184,684.9128448,248.4167042
16.8,36,33.33333333,120,15,16,0.054546234,0.3600015,0.01900641,0.150000375,0.007,0.055683721,27.0060074,111.5278234,91.14372696,7.521870695,0.343324771,554.1692469,293.3690866
14,22.5,27.27272727,36,20,24,0.210909091,0.010227818,0.019160839,0.0180003,0.008333458,0.017,18.45555527,109.5612873,87.42823701,7.265112963,0.498770871,610.873811,309.8354838
14,18,27.27272727,120,10,18,0.101090909,0.006,0.024833916,0.214286143,0.012111111,0.071930233,28.92394214,94.05569684,84.49809522,9.205428535,0.457328444,563.1592018,245.1566779
56,45,75,120,13.33333333,13.09090909,0.763638182,0.225001,0.01,0.100000333,0.034888889,0.018545455,18.18810239,105.6148274,80.74624649,8.084240295,0.305050634,625.4912716,277.4967089
18.66666667,45,37.5,90,13.33333333,24,0.084849394,0.3150012,0.108173462,0.3150006,0.011888889,0.095906977,24.91180197,101.7482453,90.707241,6.4664631,0.342325897,448.9220149,249.2410583
28,25.71428571,37.5,36,24,20.57142857,0.178182909,0.385716286,0.01802899,0.18000075,0.007,0.037986711,19.61447794,101.5831736,109.0382568,7.709701344,0.512398823,619.6563251,427.8035383
15.27272727,60,37.5,45,40,20.57142857,0.069422397,0.214286571,0.108173462,0.1575006,0.0333335,0.017351052,18.69501091,108.6355386,88.95247143,8.06722744,0.30330085,525.185143,244.6717719
28,36,27.27272727,32.72727273,13.33333333,36,0.254546818,0.060000667,0.01,0.034181818,0.009333333,0.12558186,22.18621121,114.2976852,98.81581779,6.721314175,0.228114916,554.0016062,258.0034624
16.8,16.36363636,100,60,13.33333333,36,0.006942645,0.114546655,0.192307981,0.013636636,0.025688889,0.029900532,20.06215756,124.2765539,108.199235,6.623418813,0.551317694,613.991692,248.9785333
14,15,100,40,20,36,0.011239669,0.168,0.192307981,0.050000375,0.050000333,0.017,20.41412705,111.6868363,86.65235881,7.329172097,0.518981301,530.5255195,573.1856158
16.8,36,37.5,90,10,12,0.229092727,0.006,0.012019359,0.075000333,0.012111111,0.039109635,19.21758458,115.5057125,97.57552284,6.824632183,0.506455533,553.8361648,236.4519286
16.8,22.5,75,30,10.90909091,48,0.025455152,0.0225006,0.01,0.273,0.017194805,0.017,17.7430559,100.6528195,93.86393181,6.752215903,0.52919482,484.1121869,264.9967518
18.66666667,20,27.27272727,36,15,24,0.016970242,0.033334,0.019160839,0.18000075,0.0105,0.025156146,21.1661879,140.9689099,109.47644,7.354497482,0.404576232,531.8298983,272.8325168
14,16.36363636,27.27272727,32.72727273,17.14285714,48,0.027878788,0.007438562,0.019160839,0.034181818,0.022514286,0.027907151,29.91426926,116.5855024,114.7902988,6.779185646,0.987684548,573.4457068,332.2099058
56,36,50,45,40,36,0.127273409,0.006,0.096154135,0.037500333,0.0333335,0.041860698,18.18570377,106.7097446,89.96639426,6.437856706,0.503384594,533.1100172,363.4705023
14,16.36363636,37.5,36,15,20.57142857,0.011239669,0.245456545,0.025755659,0.0900005,0.018166667,0.017,18.70606422,129.2703691,85.75332462,6.558886119,0.862340431,488.2777184,278.4289866
42,36,75,72,40,13.09090909,0.381819545,0.3600015,0.01,0.090000375,0.0333335,0.077638478,21.39347378,156.2186704,92.2323968,6.806267046,0.932679539,636.6024425,282.7269003
14,45,30,32.72727273,40,16,0.210909091,0.075000667,0.022211538,0.126981818,0.0333335,0.105209302,18.17229685,116.7028731,85.46674245,8.349839024,0.345029593,751.9200011,284.5003607
14,30,75,30,24,12,0.142272727,0.07500075,0.02403859,0.0555,0.04000025,0.019813953,18.76701954,104.2731538,96.66678007,6.442875212,0.510463209,552.8479831,238.2330738
15.27272727,20,33.33333333,40,10,48,0.138844339,0.033334,0.036025641,0.20000075,0.010066667,0.018604806,20.89840494,190.519079,87.47329454,6.865341836,0.545980333,528.4326662,280.4632659
15.27272727,45,33.33333333,45,15,12,0.013884843,0.225001,0.036025641,0.037500333,0.007,0.019813953,18.15921243,114.375188,103.3971851,7.696846267,0.311632863,782.2190968,261.3367791
15.27272727,20,42.85714286,40,15,12,0.023141102,0.006,0.01,0.071429,0.013785714,0.032476744,33.88111952,93.8832532,105.9620084,7.406831177,0.878663331,714.1903584,316.9602428
15.27272727,25.71428571,37.5,90,15,12,0.00631154,0.006,0.01802899,0.2250005,0.013785714,0.017,21.55921153,113.0927704,137.293089,7.729834448,0.415211831,894.6613827,312.4783293
42,25.71428571,25,32.72727273,10,13.09090909,0.06363697,0.006,0.01,0.013090909,0.053,0.046684989,18.74154254,106.4275564,121.2476491,8.118841471,0.320186465,499.6709928,402.5985043
33.6,45,33.33333333,90,10,18,0.013884793,0.006,0.01,0.112500375,0.008393939,0.05335814,22.19585266,118.519374,103.3832,7.524590995,0.480057247,528.8767916,267.8880582
28,15,37.5,60,13.33333333,24,0.011570744,0.0465,0.108173462,0.013636636,0.011888889,0.017,18.71493527,93.43376898,104.7106885,7.718212531,0.2918091,656.6224801,286.7873345
21,20,50,40,24,48,0.047727955,0.05000075,0.034340824,0.050000375,0.0280002,0.078139814,22.62303209,98.44673313,84.49524784,5.167096614,0.621806894,523.2130067,114.250607
42,15,75,30,13.33333333,24,0.572729091,0.168,0.072115577,0.099,0.007,0.025156146,22.38429887,92.98934459,95.76300975,7.610766428,0.252959426,584.1131715,266.1534776
15.27272727,15,33.33333333,90,15,36,0.023141102,0.0222,0.01,0.075000333,0.007,0.029900532,20.40950415,103.2475448,89.8044685,8.630515274,0.29163509,691.9886114,245.6990213
24,15,50,51.42857143,10.90909091,24,0.009917851,0.0222,0.01,0.012,0.017194805,0.025156146,18.18642176,95.59956878,86.1847228,10.81461844,0.595681783,596.2942716,281.2216371
15.27272727,25.71428571,50,45,17.14285714,48,0.023141102,0.006,0.096154135,0.0225003,0.016380952,0.039867309,20.52656053,114.3762237,99.79598501,6.672860402,0.494385002,576.5413917,297.3668614
28,18,30,51.42857143,40,28.8,0.025455091,0.030000667,0.022211538,0.128571929,0.016666792,0.017,20.33185122,114.9809923,108.2611385,7.138854845,0.472642388,533.6399948,273.9938562
24,15,60,60,17.14285714,28.8,0.327274545,0.033,0.0576925,0.30000075,0.007,0.033488605,19.06498907,135.9300069,95.53925861,8.044538099,0.323105905,519.5528017,252.4440742
28,45,30,51.42857143,13.33333333,24,0.38182,0.225001,0.029505495,0.012,0.007,0.025156146,22.6435598,106.3983725,103.6716456,8.316265296,0.60746748,600.8649743,276.0955703
21,25.71428571,30,30,17.14285714,13.09090909,0.095455455,0.064286464,0.107307692,0.186,0.007,0.026049331,35.85238654,91.13620295,91.73146131,6.843516513,0.335278401,520.412939,293.2718023
42,36,50,60,20,18,0.136364416,0.0360006,0.034340824,0.013636636,0.007,0.102883721,28.87241248,114.023051,125.1771367,6.38313946,0.575327218,515.8807169,256.7609142
21,20,42.85714286,36,10,14.4,0.068182597,0.033334,0.01,0.0900005,0.014666667,0.045162791,18.22898654,96.68193766,93.25613472,7.302478165,0.326119474,551.3532928,233.9323579
56,36,100,51.42857143,15,18,0.084849091,0.0360006,0.01,0.012,0.007,0.020341085,24.09860068,102.9307642,91.36515586,7.559528546,0.460157123,566.8938764,276.8585334
33.6,18,25,72,20,16,0.030546,0.1800015,0.013094406,0.090000375,0.008333458,0.043302326,22.73782966,128.4847877,157.6474783,7.013167936,0.413547007,630.9479444,269.1370793
56,25.71428571,100,30,13.33333333,18,0.181818961,0.128572429,0.03205141,0.041,0.019555556,0.102883721,23.6149703,107.2068438,86.21548532,8.400197663,0.487451929,539.5972559,251.190885
18.66666667,45,37.5,72,13.33333333,20.57142857,0.254547273,0.020455091,0.01,0.1800005,0.034888889,0.022509967,21.4657057,119.3567089,91.72939408,8.581601096,0.493037183,556.4022991,247.4458398
33.6,18,42.85714286,30,24,13.09090909,0.076364318,0.008182364,0.057692538,0.012,0.020000167,0.031208245,26.42031911,107.7787194,101.0319362,7.030854435,0.282871971,670.4388682,280.1557985
56,25.71428571,30,72,17.14285714,20.57142857,0.254546364,0.257144357,0.01,0.540001,0.016380952,0.017,24.61017104,118.4445008,93.35853051,10.75373703,0.81072166,501.5194583,384.9076411
16.8,30,27.27272727,60,10.90909091,48,0.054546234,0.050000667,0.01,0.107143286,0.052242424,0.167442326,18.77276524,106.0422834,84.0503046,6.994836551,0.370012282,537.232943,413.188473
42,45,25,120,10,36,0.572729091,0.006,0.112115385,0.0600003,0.022333333,0.017,19.67029169,86.03300294,82.27531667,7.01671182,0.990223603,605.4582907,246.3179
21,18,100,36,15,20.57142857,0.005,0.006,0.048077067,0.1260006,0.0335,0.050368106,20.98840083,103.8531992,91.28101614,6.339156121,0.419411146,552.6282247,324.3228129
28,36,42.85714286,120,10.90909091,18,0.063637045,0.09000075,0.01,0.012,0.052242424,0.017,19.68250489,123.1370679,105.3559335,6.880093028,0.459984172,580.3543707,249.7860214
16.8,18,75,51.42857143,15,14.4,0.025455152,0.030000667,0.036057837,0.385715286,0.007,0.0204,19.64449127,100.162466,97.32355861,7.978300251,0.491143838,747.7750804,242.3912435
18.66666667,45,27.27272727,60,10,13.09090909,0.084849394,0.225001,0.055468531,0.107143286,0.012111111,0.077638478,21.75041033,99.27094268,96.57303084,7.493034129,0.364190262,541.9934313,303.1036927
14,45,100,40,10.90909091,24,0.027878788,0.4500015,0.096154038,0.1400006,0.052242424,0.064953488,20.48635071,110.5206937,135.5369142,6.915223641,0.541540521,609.9021245,255.3655386
14,18,42.85714286,72,15,36,0.054025974,0.270002,0.01,0.540001,0.0105,0.029900532,19.15215215,93.69541294,95.11063033,8.02080673,0.325425803,489.3824293,283.3819457
16.8,45,100,72,24,36,0.229092727,0.020455091,0.288461923,0.012,0.010000125,0.017,18.3678131,95.35623022,98.64754838,9.822323678,0.396070517,733.9022876,258.121592
42,25.71428571,42.85714286,90,12,48,0.267273818,0.006,0.057692538,0.3150006,0.020666667,0.111628256,20.63965518,104.4111659,85.51377356,10.28736903,0.556312578,490.6690097,252.7853747
15.27272727,30,100,51.42857143,15,48,0.208266281,0.150001,0.01,0.042857476,0.007,0.078139814,24.89272435,91.89754864,86.3075126,9.36795626,0.285744525,567.9493739,263.0042645
18.66666667,16.36363636,30,51.42857143,24,24,0.254547273,0.016364236,0.029505495,0.091837163,0.007,0.018523256,23.40725811,106.5028732,87.83249773,7.687818495,0.857221151,596.0694658,239.7425989
28,22.5,30,45,13.33333333,20.57142857,0.005,0.112501,0.029505495,0.012,0.034888889,0.068940199,19.747473,114.4699953,114.7394734,6.941866262,0.538972384,492.2698674,302.6430021
14,36,100,60,13.33333333,18,0.054025974,0.016364182,0.01,0.050000333,0.009333333,0.017,24.34088131,122.8938463,84.8908502,6.153318376,0.443507011,622.2810721,225.5652061
28,15,60,32.72727273,10.90909091,18,0.025455091,0.0465,0.0576925,0.126981818,0.052242424,0.017,23.83249226,89.4302305,94.27166239,12.23023449,0.426884651,488.067478,246.4519689
21,25.71428571,100,45,13.33333333,16,0.133637455,0.385716286,0.134615615,0.1575006,0.009333333,0.043302326,17.6719365,164.6299018,94.13603973,6.298627911,0.520463312,547.2026444,287.6335913
16.8,20,75,60,13.33333333,24,0.152728636,0.300002,0.01,0.450001,0.025688889,0.064953488,19.16888887,101.7461798,125.6887746,6.774347815,0.363415893,551.3767872,246.0356234
42,36,30,40,13.33333333,48,0.095455227,0.060000667,0.01,0.071429,0.034888889,0.017,20.49729916,99.42139555,86.75076176,7.793654037,0.270194258,703.6930828,284.2692315
28,16.36363636,33.33333333,36,20,16,0.254546818,0.245456545,0.104102564,0.18000075,0.016666833,0.055683721,16.96126044,117.9546042,97.69452637,8.354929999,0.362069342,412.262221,294.7973307
16.8,16.36363636,42.85714286,32.72727273,12,14.4,0.152728636,0.245456545,0.01,0.012,0.036,0.107069767,24.06678009,118.5237307,132.4728786,6.615878832,0.443386357,455.3750472,306.563066
42,18,100,120,10.90909091,24,0.005,0.04500075,0.048077067,0.4200006,0.007636364,0.018523256,19.07264342,100.3747016,97.52808785,7.708887502,0.530798855,589.8506575,309.8981436
21,30,25,40,13.33333333,18,0.190910455,0.006,0.044038462,0.0200003,0.034888889,0.071930233,29.35854615,111.5355801,82.35364944,6.78657847,0.363820498,538.6947332,372.7333572
14,30,37.5,72,12,13.09090909,0.011239669,0.150001,0.108173462,0.012,0.0268,0.046684989,20.77688763,94.47188774,84.21816474,8.026180688,0.391088185,503.2535691,268.6588879
14,16.36363636,75,60,15,12,0.011239669,0.058442416,0.02403859,0.0300003,0.0243,0.019813953,24.05020628,103.309352,106.3762092,7.069732755,0.603790294,445.9978042,302.3573096
15.27272727,22.5,60,45,24,20.57142857,0.00631154,0.112501,0.0576925,0.1125005,0.010000125,0.037986711,17.83888097,93.81011147,101.5686144,6.83286391,0.405304773,569.4141707,341.9218227
33.6,18,33.33333333,120,10,18,0.458183636,0.1800015,0.013333333,0.214286143,0.053,0.017,20.18822724,99.05849274,115.7262009,7.816172579,0.303400403,547.5152675,304.693519
18.66666667,15,100,45,10,28.8,0.254547273,0.006,0.03205141,0.1575006,0.008393939,0.017,19.12283356,90.04941962,86.47340108,6.83855952,0.430345607,566.3452068,309.7429446
15.27272727,16.36363636,100,40,13.33333333,20.57142857,0.208266281,0.058442416,0.288461923,0.1400006,0.034888889,0.037986711,21.08397594,148.1785816,111.8817879,8.223027356,0.808811547,615.4289599,271.2232807
21,30,100,72,13.33333333,36,0.286365455,0.150001,0.288461923,0.016363909,0.034888889,0.083721279,22.27413449,119.5128812,96.94902413,7.718128792,0.562833226,491.3481393,271.8196923
21,18,30,30,17.14285714,18,0.047727955,0.006,0.107307692,0.074142857,0.012,0.071930233,21.46044038,105.2007539,118.4514261,7.51894891,0.305541674,482.4547198,281.6675968
21,22.5,75,90,20,13.09090909,0.133637455,0.05625075,0.01,0.112500375,0.011904905,0.046684989,21.58818058,107.5546627,118.8939618,7.148893109,0.45452254,429.2677127,243.8026978
21,25.71428571,37.5,120,30,12,0.133637455,0.128572429,0.01802899,0.4200006,0.075000333,0.060334884,19.87037034,95.44244299,93.39989552,7.110592623,1.056955713,586.5432349,360.7442
14,20,27.27272727,51.42857143,10,48,0.210909091,0.300002,0.041853147,0.064286089,0.017952381,0.018604806,25.82009822,94.8695127,80.1495514,8.322436376,0.718870922,547.4114807,301.5407636
24,45,100,40,13.33333333,24,0.077922857,0.11250075,0.048077067,0.071429,0.007,0.046381395,23.61236104,113.8821362,111.3691284,7.641846043,0.442594297,495.522216,268.1103233
18.66666667,36,60,51.42857143,20,16,0.06060684,0.006,0.173077308,0.064286089,0.016666833,0.034458472,23.38774998,97.92817599,88.8673887,6.53087564,0.457670655,616.7414473,231.4401192
14,20,60,120,12,18,0.018727273,0.009091455,0.01,0.60000075,0.020666667,0.0255,26.50425873,95.16685135,84.21010215,6.604040743,0.567728953,579.3659244,246.5506191
18.66666667,36,27.27272727,72,20,48,0.084849394,0.540002,0.055468531,0.540001,0.023333533,0.017,23.81454306,103.76053,102.2960505,11.67976414,0.888913423,529.3399416,281.2078825
28,16.36363636,60,30,40,16,0.254546818,0.006,0.115384904,0.099,0.016666792,0.018539535,20.07784873,94.10070085,86.31460637,7.354603053,0.207006609,651.175206,260.2655895
21,15,27.27272727,40,10,18,0.005,0.249,0.010909091,0.300001,0.012111111,0.0255,22.32370782,117.9157727,93.4029839,10.47186688,0.714638464,590.0154995,308.2466256
15.27272727,60,50,90,24,36,0.013884843,0.15000075,0.01,0.012,0.020000167,0.017,18.53642021,107.9395144,106.085562,7.00795849,0.515073301,652.4126901,261.9594907
15.27272727,22.5,42.85714286,60,24,36,0.097191174,0.080358,0.02060454,0.30000075,0.014285857,0.083721279,15.83633511,102.991594,92.16959801,9.23205572,0.440250688,486.4276793,301.7810367
15.27272727,60,60,30,15,12,0.005,0.0600006,0.019230897,0.012,0.048833333,0.078906977,21.75364723,113.5349985,85.42211954,6.134721579,0.571794147,457.3596673,388.3058478
14,22.5,33.33333333,45,10,12,0.210909091,0.006,0.070064103,0.22500075,0.007,0.027317829,19.95540375,94.12695988,107.1111954,14.65926619,1.204706091,508.1935594,250.2354107
56,45,27.27272727,51.42857143,13.33333333,28.8,0.005,0.160715143,0.010909091,0.257143607,0.025688889,0.017,17.56801869,111.2594932,115.9430762,6.707851921,0.467335173,524.9184305,362.1836932
42,15,42.85714286,90,17.14285714,28.8,0.017355868,0.013363636,0.02060454,0.3150006,0.008714286,0.017,21.5411319,112.1200928,149.339922,5.92153197,0.328275757,994.8219876,251.8212823
24,15,27.27272727,36,17.14285714,16,0.021818727,0.013363636,0.024833916,0.012,0.007,0.017,18.38807917,94.15442985,99.60052765,7.018892006,0.587104036,630.950632,256.9541738
42,20,27.27272727,60,10.90909091,20.57142857,0.267273818,0.05000075,0.019160839,0.012,0.007,0.029142857,21.39985792,113.7682189,120.5565525,6.819675529,0.447618869,543.4852048,283.2998665
16.8,20,50,36,24,13.09090909,0.0381825,0.071429429,0.048077115,0.030000333,0.007,0.018545455,19.7333054,87.66751589,95.99330664,6.503589377,0.490789643,606.711391,300.392919
16.8,45,25,90,20,36,0.0381825,0.225001,0.01,0.112500375,0.050000333,0.017,37.48921014,114.6402149,98.7001181,6.284961819,0.632877703,548.6475988,289.3127638
24,22.5,30,32.72727273,24,24,0.077922857,0.010227818,0.107307692,0.048681818,0.020000167,0.017,21.47557255,103.0110192,109.9124468,7.13972732,0.45340474,496.7696594,242.9437461
33.6,20,37.5,120,13.33333333,18,0.076364318,0.300002,0.01,0.3000005,0.007288889,0.05335814,19.70032008,123.1854205,84.16490068,7.08011692,0.333165768,479.7717842,326.411008
33.6,20,42.85714286,45,20,20.57142857,0.050909697,0.05000075,0.01,0.337501,0.050000333,0.029142857,18.0327245,118.1987602,102.0621789,7.914209003,0.30870185,869.5244177,243.7672301
24,36,100,72,10.90909091,12,0.327274545,0.2520012,0.048077067,0.016363909,0.007,0.017,19.60935546,120.1859567,109.1287406,5.614967552,0.404891962,642.3986067,262.7962406
24,16.36363636,33.33333333,120,10.90909091,13.09090909,0.218183182,0.006,0.036025641,0.100000333,0.017194805,0.037841136,19.41955579,111.2879152,99.33814299,7.060856716,0.288891637,572.1755074,247.9352071
18.66666667,15,25,36,12,28.8,0.007713994,0.1194,0.057653846,0.0180003,0.0268,0.017,23.81390585,102.018012,81.79550343,6.349791554,0.428445113,571.2439601,280.2602118
24,18,37.5,72,10,14.4,0.077922857,0.04500075,0.01,0.2520006,0.053,0.029686047,20.4072886,97.48631855,99.00189195,7.638794211,0.357743925,565.0217299,271.8606863
28,18,75,120,40,24,0.38182,0.04500075,0.051511154,0.4200006,0.011111222,0.046381395,19.03539299,94.39398349,93.71739672,8.979363958,0.657237673,509.1093019,236.9590793
18.66666667,15,42.85714286,40,10.90909091,12,0.06060684,0.087,0.02060454,0.050000375,0.009309091,0.078906977,12.12707686,106.8189699,84.32864019,7.52799625,0.295241136,536.217623,316.2134345
24,16.36363636,50,120,15,16,0.054546136,0.027273394,0.144231154,0.3000005,0.0335,0.022666667,18.67949869,95.77078881,89.05770796,7.09826867,1.019769131,518.1264504,256.5205049
28,22.5,60,36,20,28.8,0.178182909,0.2250015,0.041208956,0.270001,0.007,0.017,17.29647794,100.7367102,97.53897442,7.583836657,0.783013781,489.5223745,313.681072
24,22.5,50,51.42857143,13.33333333,36,0.009917851,0.006,0.144231154,0.385715286,0.011888889,0.029900532,19.76137134,93.92976806,100.7219722,6.324092626,0.564946838,722.671281,348.4552344
15.27272727,25.71428571,100,51.42857143,17.14285714,24,0.023141102,0.385716286,0.03205141,0.012,0.016380952,0.095906977,21.60378815,141.7877637,96.55342004,7.448805384,0.161284578,584.5005476,432.7786946
24,18,75,32.72727273,20,12,0.036364242,0.090001,0.051511154,0.067324675,0.011904905,0.039109635,21.19143593,106.7320088,89.14993727,8.202344586,0.381811186,693.8751971,254.2983712
15.27272727,20,37.5,32.72727273,13.33333333,14.4,0.069422397,0.006,0.036057885,0.022581818,0.019555556,0.057544186,17.9295263,145.0482623,133.8442921,11.74887133,0.396284386,596.4033216,256.7874316
56,20,50,60,20,48,0.509092273,0.2000015,0.01,0.050000333,0.007,0.055814186,21.17195876,105.4366707,94.15766583,11.09093325,0.345556827,491.7574449,293.2767947
33.6,36,37.5,60,10,13.09090909,0.030546,0.006,0.01802899,0.1500005,0.012111111,0.037841136,21.4099756,104.5363832,119.1110636,7.716959606,0.45301946,554.4672139,257.8602395
21,25.71428571,75,36,13.33333333,13.09090909,0.068182597,0.006,0.01,0.012,0.007,0.037841136,19.54206146,117.8499707,98.73583606,9.004736649,0.335149882,538.0061686,266.2453006
24,45,75,32.72727273,12,12,0.054546136,0.3150012,0.014423192,0.022581818,0.036,0.032476744,20.79988854,91.34244408,79.6805529,7.650245568,0.660037033,731.6038704,259.2273929
33.6,25.71428571,33.33333333,45,13.33333333,12,0.076364318,0.064286464,0.104102564,0.056250375,0.019555556,0.017,19.09825224,123.0815867,79.84536298,5.207740704,0.562551013,517.9374617,243.7206031
56,18,25,32.72727273,13.33333333,13.09090909,0.084849091,0.008182364,0.021346154,0.179181818,0.025688889,0.021922199,18.93842887,109.6884346,135.1069768,6.425574913,0.424182577,718.9702479,266.9095066
33.6,60,50,90,30,14.4,0.305455909,0.300001,0.048077115,0.012,0.05000025,0.029686047,19.22663686,116.4835959,91.56608461,6.979138066,0.424914493,667.7409716,241.8192207
56,20,42.85714286,30,30,16,0.023140992,0.100001,0.013736392,0.019909091,0.0350002,0.027825581,35.98314236,92.29889866,103.5945933,8.6455865,0.421613745,592.6819521,418.482897
