1,1,1,1,1,1,1,1,1,1,1,1,avgLMP1,avgLMP2,avgLMP3,avgLMP4,avgLMP5,avgLMP6,avgMW1,avgMW2,avgMW3,avgMW4,avgMW5,avgMW6
,,,,,,,,,,,,15.55959153,25.04421707,22.92302556,19.89796568,23.38087093,17.96852361,100.1662486,99.44807624,51.96239188,0.551972791,462.3547035,259.9866155
,,,,,,,,,,,,16.41321952,26.31362674,24.17563842,24.59510647,16.79490768,17.96967043,207.2448853,83.32748537,56.81637522,0.430314708,604.6662959,210.1535613
,,,,,,,,,,,,15.47980169,23.93801684,19.31473394,22.37911645,18.22732409,17.78539455,120.2588677,87.67957626,110.9897324,0.483495244,589.950828,196.8276363
,,,,,,,,,,,,17.31905556,30.83149789,20.62652008,37.74570155,23.16417012,17.10375327,90.16344881,97.41249563,51.95490304,0.580980505,608.3747234,260.9696953
,,,,,,,,,,,,16.38119021,21.16057912,28.02102659,22.42515654,21.96805672,18.01538668,147.8924858,88.34497851,57.01860818,1.031340096,548.3607304,307.137981
,,,,,,,,,,,,18.34333962,20.22075574,23.21003793,30.95007358,18.18413446,20.57188231,112.2626536,146.9694827,43.4850459,1.330252889,547.9416917,247.296638
,,,,,,,,,,,,16.32780205,26.14479949,22.43690698,20.01040899,18.24082186,23.26050452,99.57611266,86.90541814,58.88797097,0.578629096,552.2354498,258.4461516
,,,,,,,,,,,,21.91387362,27.22008538,23.5204972,18.7932279,17.83792542,21.27953307,147.5923302,109.6255188,52.33234605,0.46626791,876.0524678,212.7555473
,,,,,,,,,,,,14.94597213,24.13589057,22.17866391,18.98534152,19.73808087,23.79973581,98.00957504,154.9143468,59.27115,0.290701521,472.201167,282.8630355
,,,,,,,,,,,,13.12627702,20.75147788,21.32682207,22.20148925,17.63254807,21.88076599,115.2617149,135.277316,57.40304437,0.36244416,478.8370044,222.1102936
,,,,,,,,,,,,16.27925752,23.33531477,22.00516288,18.6714859,17.57877872,17.50411061,94.75951978,106.2916625,60.24279805,0.239199246,514.9905115,208.8450054
,,,,,,,,,,,,15.40286461,20.38110089,26.34033374,20.28287456,20.93230054,16.92764763,85.18475678,92.63166609,56.35007613,0.391577163,589.1348251,177.729439
,,,,,,,,,,,,14.63784917,22.03297197,21.6627505,20.28217362,22.84554246,29.46836851,95.50517955,99.99885875,54.80124062,0.564969155,588.1959617,290.0961939
,,,,,,,,,,,,17.2323033,25.1936442,20.39303024,20.39183954,18.29632363,16.82106669,90.41029331,71.56905902,58.85217349,0.626353618,709.1425701,206.8119279
,,,,,,,,,,,,14.58046619,19.76961672,20.88180196,23.30316851,19.59780987,17.9835057,96.87723705,115.4157345,54.22364639,0.453482119,429.8788211,207.7341582
,,,,,,,,,,,,15.66935328,20.1326812,22.15999963,19.29501076,18.33163205,20.01338833,93.41385558,90.483581,63.74399503,0.630040412,547.216098,222.0926844
,,,,,,,,,,,,31.75463125,21.53577129,20.36618994,18.90010098,20.79544912,24.93019427,110.3557139,94.48255097,59.4770972,0.455997194,739.0207052,224.5926763
,,,,,,,,,,,,16.53424843,22.62681156,22.39632115,22.73930469,20.99164921,17.36404731,122.8884654,87.83940146,64.62305812,0.445672123,536.7977076,204.4858781
,,,,,,,,,,,,19.63113422,23.45118309,20.83035225,19.84297634,21.73268298,18.57679633,93.83570988,100.0351818,48.93716938,0.543182832,503.9589198,250.2875869
,,,,,,,,,,,,18.93509495,20.46300299,20.99850584,18.78263863,17.08853934,18.41192847,106.607912,93.0380634,70.62442906,0.57651359,679.9699194,233.0134453
,,,,,,,,,,,,17.334436,19.27371386,21.19752257,24.49290703,17.67182932,18.00717127,124.4277883,106.9061422,68.94905374,0.365188854,454.5780916,283.7194408
,,,,,,,,,,,,15.97574892,22.97983441,23.33653376,25.34680653,15.97836533,17.42359767,89.50138127,92.12706753,66.96502383,0.315016751,773.4915424,202.9984711
,,,,,,,,,,,,15.69593361,19.15196428,25.22854151,25.0454264,15.16827997,22.60976388,98.80179604,95.7783345,60.31272753,0.397180401,462.6211915,231.1280968
,,,,,,,,,,,,16.29316723,19.59805284,20.54725223,19.90368703,17.74160599,18.48493755,127.8840724,122.5333056,58.60027512,0.652164546,542.8337915,204.9073323
,,,,,,,,,,,,14.80261025,20.24357479,24.71922198,21.74517587,17.95836618,22.39559919,114.3745853,82.15891098,55.7452484,0.450060539,497.3431014,225.4439453
,,,,,,,,,,,,14.53807676,23.72365993,28.60012304,20.12300625,21.79180282,19.93630072,96.11673031,111.1187142,84.80242829,0.419769291,494.4601341,219.3498436
,,,,,,,,,,,,19.52868901,26.33313774,19.70428826,24.86495552,19.08727743,20.68482633,112.7527552,112.4668393,79.35239993,0.397645019,495.7037624,209.839763
,,,,,,,,,,,,16.43504012,21.94616537,22.19454987,24.82079695,26.01172862,17.43232329,102.0182707,131.1109774,60.96403827,0.635084264,489.1570611,213.9860598
,,,,,,,,,,,,16.03135982,18.19291727,25.51703934,19.19530327,22.26834302,18.78050893,111.7018445,96.06160748,57.97631958,0.426020038,480.6654877,301.477925
,,,,,,,,,,,,21.90318426,22.22143607,21.9631751,22.24294635,22.79902208,17.52302764,109.8593498,93.43810191,63.12034751,0.31179548,383.086308,205.1232485
,,,,,,,,,,,,19.2765763,24.59678639,22.41888133,18.11588457,21.87767557,25.97989058,109.476335,89.18597129,49.55391033,0.487125298,457.4071785,260.6172247
,,,,,,,,,,,,20.83093516,33.46421291,21.62280673,19.37320155,14.62263642,16.51734597,97.0985865,91.54539316,56.10109147,0.582901936,651.6816036,228.9393517
,,,,,,,,,,,,16.71302141,28.62497074,20.2664464,19.66979564,21.11329673,17.86714627,91.21134078,98.91875652,56.63141581,0.46789624,591.8462874,228.3745484
,,,,,,,,,,,,17.42312201,24.90043783,21.38154925,20.5068211,19.78839894,19.32377885,99.8848942,127.9509619,65.08109038,0.542074476,591.7897982,169.6426246
,,,,,,,,,,,,14.43919345,18.44702635,21.44294101,20.36738108,25.72587509,23.52782155,100.2839437,93.56504919,58.7087692,0.497821953,590.5783209,238.2808395
,,,,,,,,,,,,24.65568779,20.95406545,25.87744619,19.72287012,17.75781361,17.04962057,109.7919234,86.43469246,63.21276085,0.808077804,729.0220418,248.0078689
,,,,,,,,,,,,15.63652516,19.41498829,22.63384475,22.33462958,17.78195986,19.85958594,97.24287589,94.08039704,62.12481239,0.576114513,514.417631,232.8133396
,,,,,,,,,,,,17.02160757,21.40904991,22.26925313,22.725341,17.6489994,18.25089922,106.4314627,113.9091696,62.46067745,0.576078328,547.9791117,286.3089857
,,,,,,,,,,,,14.26969652,21.38646208,22.06953137,23.30360855,20.99158371,19.64249544,114.3865761,105.2724233,65.58685955,0.374790538,576.7170329,223.5063913
,,,,,,,,,,,,20.64148617,24.01936368,15.59624237,19.85117366,17.35736,17.14777071,111.4580728,81.22605065,60.90133583,0.397464842,490.8538595,207.2517546
,,,,,,,,,,,,15.2151095,21.47102281,32.22736652,20.98580921,28.18075614,18.45351553,103.411723,93.52179804,55.37103822,0.434557929,486.1520802,213.3690853
,,,,,,,,,,,,14.92244081,32.93399363,22.51694492,17.993044,22.22611792,22.55412476,119.7520969,95.75127856,59.0558556,0.661612441,546.8215913,271.8266909
,,,,,,,,,,,,15.74677097,25.4790276,23.60606296,20.8781921,21.27104556,15.67722193,91.47677056,94.5191443,56.37422437,0.503570181,554.8683291,203.8035102
,,,,,,,,,,,,16.32410377,40.56646146,28.55771775,18.61419321,27.00650603,19.03282385,109.4754964,101.0736796,61.55836724,0.436861006,499.8200109,207.6664268
,,,,,,,,,,,,14.38548492,27.03720311,21.78106077,21.03403459,19.94328913,18.11113765,108.8795625,87.65793507,79.10669637,0.46842666,503.868823,227.4003122
,,,,,,,,,,,,16.55265275,21.55733936,19.46779584,25.74996989,18.94910559,16.75836001,94.71506343,87.24602513,56.04034899,0.534884138,553.3467534,208.2506666
,,,,,,,,,,,,15.27910824,23.35014693,24.4965183,24.84027345,31.15503653,18.0997284,111.8816471,85.11899203,54.53549494,0.358053226,722.6408036,211.3943459
,,,,,,,,,,,,18.22214822,21.78826395,23.14954016,18.94000705,20.51563055,16.37448573,98.3069255,106.7279187,70.42716499,0.594344416,484.7948814,290.7887868
,,,,,,,,,,,,14.52521304,19.77252497,19.79017169,20.61943554,20.3552633,18.6801081,99.99785486,81.35636429,77.81333484,0.503135398,660.8434384,202.1400842
,,,,,,,,,,,,16.76079661,23.92434545,21.82969577,22.69020627,23.88117058,19.877407,114.3550512,87.54180385,86.55897422,0.327824968,614.0901476,252.9937607
,,,,,,,,,,,,14.53547001,20.90127733,27.20967934,20.16350918,18.63098802,21.16912801,116.0346742,115.5867539,56.77072069,0.424247965,560.4219678,229.757257
,,,,,,,,,,,,15.63863514,22.79653624,22.34904615,18.37681154,21.81805857,17.81398003,108.7837614,92.51190628,63.05014385,0.259274469,554.3984796,202.5613678
,,,,,,,,,,,,31.39223292,22.7000617,35.76000144,19.90538742,19.30326311,18.68188982,107.8502749,135.9669923,60.10596814,0.344151929,619.4260131,172.6550301
,,,,,,,,,,,,14.69552268,23.29072135,20.92066705,20.16295156,18.48570466,17.18341938,93.14677604,85.14471888,79.27784605,0.678341539,496.6199981,220.4743454
,,,,,,,,,,,,15.71091695,23.98285974,21.62512667,21.70276237,17.92487442,19.17958494,130.1855161,106.8213032,58.25444976,0.485852866,428.2347566,202.0355094
,,,,,,,,,,,,17.00574665,23.74669837,20.15694314,21.00232907,17.12570426,22.98205125,113.3284125,89.71741232,62.45066744,0.595801611,749.4792996,207.116239
,,,,,,,,,,,,22.32893869,19.1983656,22.29372692,20.89188357,18.27468428,21.21603674,98.97766676,83.23625823,56.15213808,0.538041071,558.0074262,245.2618725
,,,,,,,,,,,,15.33713946,26.39307909,22.79995083,22.71331465,18.89675658,22.49582113,103.212352,103.5343515,56.82910878,0.567249376,499.7855916,251.5225656
,,,,,,,,,,,,15.82358547,18.33658803,22.97142232,25.78125807,19.46937422,17.78116622,106.5543873,104.4237123,67.99345295,0.608093931,465.3630939,296.7992525
,,,,,,,,,,,,19.36879976,21.93914268,27.46094225,21.34752589,22.46276158,16.92140059,94.01425959,83.34679822,55.04633193,0.412293589,534.5480295,254.8506352
,,,,,,,,,,,,17.59258147,23.87646701,19.90827136,21.57335543,17.10194943,19.83516264,104.8893426,85.71014185,58.19325498,0.276984251,479.4668257,213.3852015
,,,,,,,,,,,,15.5194938,26.91508709,20.52710658,25.06871003,16.97435101,20.06354722,120.3366346,102.9761587,55.28490885,0.301113368,499.9297229,223.8795323
,,,,,,,,,,,,15.38045387,24.50871909,21.28476069,28.29332093,16.53577982,17.18457929,108.7297309,99.40692356,61.10275677,0.469914441,663.0999681,256.5281223
,,,,,,,,,,,,18.25677066,26.17429705,21.50859786,25.79599775,16.79053958,18.81930757,110.5649408,108.6350223,53.29048675,0.368108482,540.4280498,233.6156935
,,,,,,,,,,,,15.08368307,22.33805848,24.99422318,20.44498605,16.53899214,21.16042225,91.31447707,82.88984779,54.81743318,0.323206772,503.2999809,227.607607
,,,,,,,,,,,,16.77737741,22.0263424,26.89465787,21.70661287,18.97076328,19.45336172,98.47060244,99.752771,61.26056259,0.179096364,584.0609185,226.4366247
,,,,,,,,,,,,19.12304766,21.69981563,23.01152039,21.17626792,17.61214352,18.98787635,96.80915074,83.83241132,66.75012966,0.298962764,553.8960701,320.7861109
,,,,,,,,,,,,19.93883543,21.26970312,24.03911637,22.2406253,18.29820611,19.90518561,100.0526499,105.8072835,61.38128399,0.60332889,566.2684458,259.2451936
,,,,,,,,,,,,17.16814532,41.65162228,25.27302211,19.20791628,16.30262193,18.62417386,104.8379217,99.07805465,89.70228669,0.486484579,584.6182599,261.6045847
,,,,,,,,,,,,20.20181243,20.89180524,23.42857656,24.45837821,20.10237034,18.25881548,86.48519316,87.66394811,65.47370927,0.37141722,442.9739129,189.508848
,,,,,,,,,,,,13.89533737,20.95165918,23.84110786,26.43892987,17.49191519,16.90333711,87.56709924,158.5751692,53.1962664,0.404359862,632.8480829,313.244453
,,,,,,,,,,,,13.62450891,24.62006964,21.92704684,23.92524746,18.96836426,18.70475465,111.0083859,144.5669964,57.35807678,0.32892717,541.0955926,223.3090708
,,,,,,,,,,,,19.68924729,31.81975846,22.45275103,19.80628417,18.4379326,19.08365404,108.8915946,92.2307544,53.1418538,0.499371595,592.9688386,221.8352007
,,,,,,,,,,,,18.86014515,28.42386459,23.43621484,29.42981996,23.1655015,17.43358802,105.4150611,157.028412,53.36202418,0.573149908,725.1314972,218.2333955
,,,,,,,,,,,,14.04546112,31.77315577,19.82948692,21.77445074,20.09946297,18.76068608,90.25078346,76.41288225,55.09100935,0.71140139,525.7253816,208.8808369
,,,,,,,,,,,,22.6258633,20.25979784,55.91667703,19.89714927,19.81682633,21.37169674,90.30876743,91.79043391,51.94260003,0.483887023,514.145492,249.8149266
,,,,,,,,,,,,15.05970439,23.55228651,28.53255359,24.49260743,18.812865,18.06928605,134.136124,118.2046976,55.67289551,0.403627754,815.4574102,182.8761281
,,,,,,,,,,,,15.02776248,24.01716826,19.60132441,19.13639237,17.10644708,19.3193062,97.94050565,90.39008388,53.29727806,0.512183902,564.6134736,213.9483269
,,,,,,,,,,,,12.89951435,20.1492354,21.15343707,23.21286525,17.33732248,22.64681119,96.79770423,86.17634227,56.6872499,0.333802399,508.5896629,178.2097588
,,,,,,,,,,,,13.66840389,32.87869526,22.44667444,18.010475,18.95060645,18.47795121,90.33558554,108.5722694,55.02320568,0.356595615,495.8237527,227.9922547
,,,,,,,,,,,,15.68420957,18.72793685,22.80205778,25.28643735,18.55160575,17.64661658,100.1212217,92.58235923,80.82669655,0.410764622,590.4353059,227.9688798
,,,,,,,,,,,,14.5449415,19.84831304,22.01316716,23.87633815,18.80647152,20.093957,113.7723884,90.1061446,72.66508651,0.657514218,732.102404,220.3698734
,,,,,,,,,,,,14.80411377,19.80948158,20.9682721,21.15364109,19.63337128,17.70085871,92.41040708,80.43730174,64.64961933,0.492698976,495.5389935,194.3764778
,,,,,,,,,,,,15.71015389,22.43609507,23.79567976,18.64349422,16.87180532,17.77374594,140.6132532,86.61428038,54.62088902,0.311283995,485.7869802,357.5770014
,,,,,,,,,,,,26.54563606,21.9078667,24.80677097,16.5980592,16.96436034,19.06768659,104.3219807,91.23277598,60.21373476,0.395007728,472.5732375,228.2636305
,,,,,,,,,,,,16.9963917,20.28352022,20.48629843,24.42390063,17.49147571,20.23051071,89.64745288,103.1498389,64.46031451,0.616601661,1074.348639,233.5459102
,,,,,,,,,,,,16.20546257,21.97527909,28.02637487,22.66444577,18.18613984,19.36287428,97.34782616,112.5701493,67.88661078,0.553332076,522.3985406,201.5995104
,,,,,,,,,,,,17.18547472,24.01569267,21.79393194,19.0273125,19.89029806,17.27911086,116.5687607,90.0988785,54.95963385,0.424097073,720.9010662,217.0718019
,,,,,,,,,,,,16.48006351,22.15909362,25.96476465,23.05610373,20.7487842,33.75774317,98.5978054,88.90480247,63.09327606,0.38642964,516.5306445,200.1682053
,,,,,,,,,,,,13.92656592,24.44538764,19.30566025,20.74501892,17.32688778,19.4785897,121.2627434,85.90984692,62.05417273,0.33392726,490.0845514,279.6321265
,,,,,,,,,,,,15.51877204,22.83493811,19.68962804,20.20854556,22.07362538,17.27516209,80.90028405,94.01513007,69.17548467,0.576508878,539.2399689,210.5191511
,,,,,,,,,,,,23.65332625,22.03752535,20.53725258,20.34410447,22.98671269,19.08721625,101.3509835,103.1013853,54.11797837,0.438619154,822.5270666,194.9213036
,,,,,,,,,,,,18.64921516,31.52975228,21.2172673,9.907465299,16.13639736,19.31489351,100.8912407,115.5752402,59.78176717,0.608341685,526.3117861,213.1135073
,,,,,,,,,,,,15.3240907,34.19649284,27.3450547,27.20178253,16.78799664,20.04345581,107.0898617,86.19589382,55.6378165,0.346715832,501.8679009,227.9875954
,,,,,,,,,,,,13.81712695,21.46485265,24.80888374,21.0536908,27.69102932,22.33292705,132.6441266,90.02307918,61.28872808,0.405832805,523.3806333,207.4735627
,,,,,,,,,,,,16.31646338,22.56105991,20.3577929,21.39935016,18.80066773,18.67183824,93.69846142,129.8687991,63.56730352,0.445277535,698.1255183,232.3815184
,,,,,,,,,,,,13.62251833,21.31447907,21.87282002,21.58662605,21.94170411,15.82622763,120.418126,88.20286546,56.90329956,0.3372377,496.4598147,188.3662165
,,,,,,,,,,,,16.23507809,39.19058065,25.12666434,20.24129834,17.30583456,16.16846397,81.62322949,104.7149594,75.82973485,0.900078349,524.9589198,269.599269
,,,,,,,,,,,,15.06576424,23.25817332,20.58040416,20.07383813,17.82584436,21.50480452,127.2291113,102.9428268,114.7446021,0.344377414,537.279689,211.4209286
,,,,,,,,,,,,16.5581035,23.89422128,19.30624692,22.9286297,25.128031,16.9819766,113.5758665,86.11858603,72.88994527,0.33616702,1380.724179,259.0728741
,,,,,,,,,,,,19.82658316,21.77096976,20.72734814,20.42627806,22.72924985,32.85353794,105.4151099,119.680844,57.01718764,0.617534644,517.2907098,205.1252954
,,,,,,,,,,,,14.54626459,49.54655344,20.57759717,22.01433209,20.83495966,18.08312585,101.7054457,178.0092542,55.70557379,0.325636451,455.2785429,218.0097909
,,,,,,,,,,,,17.59373725,20.67584338,22.39050891,20.19944301,19.07040073,17.70349916,103.78007,92.73726283,58.58262589,0.28315113,513.6540359,194.0304138
,,,,,,,,,,,,15.31371988,23.94725253,19.88482425,19.47584325,16.36579476,16.07992307,108.8605461,88.30464541,62.53343143,0.748096334,644.9929216,197.5135605
,,,,,,,,,,,,20.92490641,22.04620009,22.26997256,21.24965537,24.48380713,15.92186275,99.86104944,96.93660514,57.74224304,0.387761352,689.6528008,241.0945226
,,,,,,,,,,,,15.77548721,24.62444989,22.67955393,24.14606496,25.06387984,23.23942418,101.7699337,84.60687931,56.42158074,0.776844236,711.1505907,171.9062537
,,,,,,,,,,,,14.09893328,24.58787484,22.99606942,18.47767341,19.03904022,27.88426218,96.20596603,95.52634866,49.46336522,0.527833221,539.0135471,210.7063873
,,,,,,,,,,,,18.22814068,26.85713106,20.48318594,24.25788727,20.60223439,24.59420053,134.3087463,93.20152787,59.65637121,0.448701115,519.9074283,289.5055035
,,,,,,,,,,,,19.31572358,19.78510537,25.35736662,18.82697941,19.27758081,16.53268998,113.0605493,89.37347378,63.92903996,0.327504833,510.4556577,256.1500751
,,,,,,,,,,,,15.60603925,19.70551144,24.87686813,19.25153094,18.04465662,17.83722064,127.0166628,105.8382621,68.55064911,0.390907252,703.4473616,227.4956365
,,,,,,,,,,,,12.2161862,20.72287267,23.9116539,21.87826521,20.29333808,17.8205137,100.8813539,114.9588404,57.93889234,0.836998156,545.1929325,196.5076575
,,,,,,,,,,,,15.16589468,24.4351755,22.89618862,17.19948882,18.63327666,16.99424483,98.66585384,79.45974358,59.18910856,0.556713998,546.2615992,302.5872295
,,,,,,,,,,,,16.25103757,21.57719974,26.80017372,19.45081461,27.43798821,17.69789329,95.539958,140.3011842,47.90316828,0.583926902,573.5976366,223.3797047
,,,,,,,,,,,,20.95319535,22.57525458,24.88839436,21.09321939,16.85012418,16.61483936,119.5681937,95.39493843,57.25075872,0.666139208,559.6074621,285.9403838
,,,,,,,,,,,,21.29877549,20.52062257,21.3418368,34.56449844,18.04743571,18.61622467,96.77328204,94.60436021,65.29208487,0.453097241,467.1200374,220.5733883
,,,,,,,,,,,,19.18407533,19.94134566,17.91948663,20.0288504,17.27001593,22.18622954,111.3180638,107.5130061,59.03313342,0.316044744,428.1938792,194.5742412
,,,,,,,,,,,,17.13020872,33.47420691,19.62493507,21.80908028,17.60606271,27.15511205,100.8232765,122.5871198,55.79509158,0.55383504,468.7137228,257.4397731
,,,,,,,,,,,,15.44108057,21.57285709,30.60448838,28.26651787,14.28429459,19.58872768,109.0481699,97.94531489,54.36164283,0.297405348,553.6325983,235.6045465
,,,,,,,,,,,,17.48565624,20.49677719,25.45849574,23.08135676,22.17940975,21.24667151,98.22702443,87.61932487,54.05167731,0.421091174,533.8504662,312.4105056
,,,,,,,,,,,,14.36329232,20.75842003,25.93573216,22.79603667,16.59680932,17.52199198,94.38987931,152.5621297,65.34312588,0.856321989,574.6976655,228.8977964
,,,,,,,,,,,,18.16664242,26.8809724,20.9180687,21.92716194,21.98448568,23.73875798,107.0082304,96.63918141,55.48741961,0.406545979,520.8857901,199.1571771
,,,,,,,,,,,,14.95745811,23.66307434,24.49205103,18.53537814,16.39609307,17.34044151,100.2506696,93.59015153,62.37524263,0.487551894,557.1929798,209.5495356
,,,,,,,,,,,,14.83469441,18.8620166,22.49106296,25.95678549,22.68986708,19.51008183,104.6180531,88.7969694,56.92284194,0.762495828,529.0100503,210.9492655
,,,,,,,,,,,,15.84345009,28.00940261,19.0846504,22.84474141,17.5738226,19.3647733,109.1169716,98.734364,65.62782201,0.79851158,525.5989718,229.8156843
,,,,,,,,,,,,15.69275329,30.24118604,19.76577299,20.96152934,17.00055283,17.44015283,124.9953112,89.65771708,60.31677348,0.295687363,474.3675653,226.0486652
,,,,,,,,,,,,19.27311761,35.03341204,20.2943502,20.20310212,17.38467628,17.44816041,103.2824568,90.87484235,56.23922481,0.481619814,534.5345895,191.8076157
,,,,,,,,,,,,14.91928376,21.86672671,19.33134298,20.61891751,18.99730085,18.12500824,103.5645084,91.8078235,69.2412581,0.497504897,756.0568442,202.5599836
,,,,,,,,,,,,16.41224249,21.8088182,22.32141374,27.5428562,15.36995936,24.00245219,89.22751646,83.20143823,69.81833244,0.592656094,574.5114489,187.5594056
,,,,,,,,,,,,17.67415806,20.75150836,22.46323758,34.99329934,17.11174285,16.88894405,117.1590088,111.9289105,62.85003606,0.718666703,574.4122782,212.2176158
,,,,,,,,,,,,14.63142249,26.3601663,19.69030093,18.98301693,17.60094429,18.73342463,85.10781975,107.0831086,58.6643285,0.407909855,521.7003235,196.3626241
,,,,,,,,,,,,19.95889247,18.39646015,21.54936783,20.01587538,20.83140635,25.11156464,129.9724735,97.74332686,53.09573156,0.486719176,438.3050206,314.5308473
,,,,,,,,,,,,16.91216398,20.58543395,22.00553223,19.71532182,17.31144963,17.01974421,112.8242349,93.26267857,81.47844574,0.45567166,471.6206414,218.8402359
,,,,,,,,,,,,15.24936551,19.44990387,26.90368067,22.52487264,18.90846291,17.0189061,105.1462301,81.672641,66.4246924,0.435662254,521.6349363,203.9743525
,,,,,,,,,,,,12.88410863,20.7096344,20.48617197,18.05104358,26.6640939,25.20002874,106.857004,98.87744793,63.74269028,0.355121526,506.6058795,186.5452684
,,,,,,,,,,,,18.00522306,20.35811863,32.80159731,19.75052276,23.34847254,18.26302607,129.9693045,90.58384343,67.79323994,0.337348178,460.1424006,241.3694181
,,,,,,,,,,,,12.55381811,24.56756442,21.37877528,22.14427713,20.32136127,21.355752,96.1901192,95.34511788,58.47626167,0.634735248,532.2379441,229.5112894
,,,,,,,,,,,,15.56994036,25.70881115,33.32223982,20.27147474,19.14669213,19.02872338,92.96112855,110.8237855,65.92179968,0.354920972,514.2170414,157.2650218
,,,,,,,,,,,,16.82474156,18.95493068,22.19376128,19.36817048,18.52602228,17.50281901,115.6777331,92.26958456,54.90163733,0.448589111,527.0272819,220.3645331
,,,,,,,,,,,,14.73512421,22.06853088,20.36711825,21.88646619,18.01604779,18.79405246,97.72299235,98.67041393,58.41616328,0.346155151,528.5037844,228.3284601
,,,,,,,,,,,,17.19298561,19.61675756,26.05291607,18.88977188,17.3324822,21.29533885,107.1304723,114.140825,56.93825284,0.662225164,674.8454568,212.0833041
,,,,,,,,,,,,23.64225526,23.79222501,22.74699001,23.26995774,19.07623331,18.13609473,136.651089,99.78555926,59.50501979,0.312638326,483.836272,260.1297511
,,,,,,,,,,,,18.18171289,18.94390161,21.5533535,19.79306836,20.59840637,16.02827023,106.6573546,100.6249616,59.0990368,0.702767749,589.544591,187.5351416
,,,,,,,,,,,,14.38869298,20.06961654,22.67323223,21.97195593,17.8688728,23.53505111,112.1617375,64.11792803,54.43534275,0.343371791,527.564576,196.6110047
,,,,,,,,,,,,17.74106512,21.41280811,19.75622613,24.91368554,21.82835727,16.64273206,100.8192854,118.0252095,58.95640895,0.568388109,494.820832,237.282516
,,,,,,,,,,,,17.87326416,19.75832896,20.46019397,26.96585513,18.21931527,17.23942583,115.6575413,81.59735818,66.1809895,0.5859063,543.5230703,358.0938001
,,,,,,,,,,,,16.02357686,20.71267061,25.82260176,21.11654443,18.77842426,25.8925012,121.8548419,95.54708295,62.85130688,0.331086243,500.1026544,248.4655153
,,,,,,,,,,,,19.97628501,21.05238719,22.74441273,26.99111966,16.01491816,23.78661004,104.1661344,85.93249117,83.23933964,0.256441834,512.3174627,213.4992549
,,,,,,,,,,,,15.92386039,23.24331344,22.18193842,27.18472156,24.70291079,31.18082859,99.77543434,111.7331729,67.23811758,0.731057652,503.4560466,205.0928534
,,,,,,,,,,,,15.90608152,27.32288095,25.98962421,21.7742637,15.48761048,18.52590289,89.07018563,86.11012662,61.04691582,0.322724737,549.7142564,252.9583641
,,,,,,,,,,,,15.61113521,19.78138348,25.46812443,20.74013556,20.15426099,18.60523449,87.33912458,89.19990473,76.14683862,0.440076026,506.8176432,293.5533729
,,,,,,,,,,,,14.083994,26.58676875,23.38847018,21.13356454,16.73946057,20.07797933,105.1467635,77.63188949,63.14191342,0.34863424,593.1983696,267.5217158
,,,,,,,,,,,,18.45100969,19.95594583,24.39849487,22.55151139,19.30396712,17.05267502,85.80606898,104.8557892,54.35181705,0.707318771,573.3600455,185.377255
,,,,,,,,,,,,15.54931656,24.92875824,21.43808887,20.47574076,19.231331,17.05921995,94.62165225,99.614741,58.78994747,0.409420941,520.9384885,203.5868342
,,,,,,,,,,,,18.27915486,20.3556809,20.65975878,22.52584167,20.27278747,19.24430037,132.9678932,163.0805557,99.02176393,0.366207913,531.9375506,227.0820444
,,,,,,,,,,,,17.93512549,25.22971696,38.20070643,23.68055513,28.17447203,16.52844818,99.69451227,82.51316848,64.66534348,0.711218748,548.2709907,212.2678731
,,,,,,,,,,,,16.56760545,20.13728332,18.72257867,21.93640317,18.99092062,22.50085095,164.9536813,126.4458223,60.17601214,0.385224344,568.7999689,215.8913603
,,,,,,,,,,,,18.0456655,23.70400497,22.39048243,22.06423858,18.86729818,16.86845614,95.80046158,117.1879289,158.7109936,0.367737369,539.3960495,228.8572916
,,,,,,,,,,,,14.81979663,19.86408844,22.87003505,21.25342513,17.29012699,17.39129917,88.22049012,116.0466535,56.08833712,0.375159811,529.0898979,188.1338237
,,,,,,,,,,,,15.89795514,25.22373412,23.47463807,18.13089454,19.77127861,23.81728942,107.0989902,91.2745169,62.63372167,0.6666563,545.9294784,170.6026065
,,,,,,,,,,,,14.39785274,23.20744569,21.02000164,73.41222937,21.81961554,17.15551954,150.2394336,90.41356428,59.76296292,0.4626678,488.9937283,233.5710742
,,,,,,,,,,,,14.86063885,26.58211422,24.56777619,26.43338373,19.03002992,18.05113123,95.08198716,114.2390351,85.0948741,0.461397421,570.0813521,200.1359318
,,,,,,,,,,,,17.34874571,20.91040033,19.73995203,18.81980776,17.4052835,18.39873538,160.8587069,82.66098901,64.88510478,0.594972239,487.1016985,216.5668798
,,,,,,,,,,,,16.90343814,21.36864356,22.28237941,21.32904096,31.37559769,17.37926867,101.5598199,94.13090264,57.55226224,0.836414739,649.9457477,186.7913045
,,,,,,,,,,,,16.58528151,20.69060353,21.3999006,20.12687093,20.2704205,21.37169545,96.99010069,142.147413,57.39864479,0.373690579,505.4453605,228.6633719
,,,,,,,,,,,,17.02968281,22.41102108,26.42174293,24.68980654,17.50922434,23.94421867,92.60800317,88.66935953,50.22250726,0.350681416,603.4373535,213.1309822
,,,,,,,,,,,,18.68060125,24.67362945,53.97272736,20.70031325,20.58586099,16.98910555,105.7898484,102.1220056,87.1134353,0.33067579,569.9296239,192.9101611
,,,,,,,,,,,,16.41987014,22.83860641,23.70944863,22.11384525,20.92987078,19.99636173,104.5992083,101.4763723,61.53671214,0.399090415,496.0551432,196.9492835
,,,,,,,,,,,,15.42114921,21.25264658,22.00994439,21.93985103,17.1686277,51.5235553,109.4589369,93.78077566,62.80971298,0.686768058,436.1738139,226.9042099
,,,,,,,,,,,,17.72996251,21.1745683,26.48488491,20.8622392,17.71435448,15.48346272,124.6295701,83.94648872,137.7847741,0.282908035,557.8716949,219.5681168
,,,,,,,,,,,,15.74474584,24.93586366,23.18695446,22.01377645,19.57730625,20.73832899,134.9656543,92.22804918,56.98373409,0.440215037,509.7038645,225.1876056
,,,,,,,,,,,,16.17687207,29.78454355,20.81167669,19.48375206,14.58353633,21.0939266,126.3561118,88.89412855,65.39357925,0.37211808,493.736614,203.4627657
,,,,,,,,,,,,18.88482344,25.01547,22.82179269,21.25248063,18.80517381,16.1170925,118.5399114,83.7502172,64.07637546,0.543184604,534.5498187,200.331926
,,,,,,,,,,,,15.17522187,27.28519878,29.0430058,56.01073572,20.44890533,29.47471445,110.9697846,101.3202375,54.08235371,0.222123789,500.7888078,210.7536297
,,,,,,,,,,,,15.56272994,22.46419606,19.63994357,19.42333702,18.46619898,31.27436145,94.02261042,85.76529533,52.75644709,0.454934306,547.9592993,231.4321694
,,,,,,,,,,,,17.26762121,23.53318769,20.13358595,21.4570232,20.95254477,18.30255185,105.3943076,82.35417701,58.8307185,0.547206149,721.0704983,284.0180113
,,,,,,,,,,,,15.75688418,21.35644138,25.05002652,21.10013724,18.37428963,18.37108699,157.605217,86.81661301,71.13597227,0.425811664,532.8942497,195.955117
,,,,,,,,,,,,15.29415887,21.2960223,22.25971586,19.94151433,24.36331206,18.05410192,104.689719,112.8379404,54.22899557,0.581967703,1013.872804,239.0237096
,,,,,,,,,,,,23.73309412,24.51040135,20.92333419,20.26890952,33.66020503,21.80830335,106.7740074,127.4259996,55.66137918,0.285666453,410.3236357,267.2698211
,,,,,,,,,,,,20.60860668,22.69098044,24.13026828,21.37439122,24.51222897,18.20714953,91.76289559,85.70694179,67.86500436,0.379953576,561.7788977,348.7731613
,,,,,,,,,,,,22.04840297,25.56647624,22.94643667,20.14174262,15.08431626,19.17382056,112.6760922,84.44400316,67.55838549,0.552444891,652.0455015,244.9681623
,,,,,,,,,,,,15.33424582,21.79198438,33.1531503,24.71035742,14.66672117,23.42756253,89.68213004,94.44357069,58.55403182,0.704794803,578.2932211,206.7404803
,,,,,,,,,,,,16.10936489,23.07699374,19.77593776,23.36982267,29.94925843,19.41926293,94.81803077,98.78526435,66.03672545,0.498421035,447.660309,226.8267156
,,,,,,,,,,,,17.88746654,20.84663965,20.28042,22.45164297,17.10486427,17.48373677,97.13195027,128.5084861,65.4139392,1.130332777,507.4023389,403.4140311
,,,,,,,,,,,,14.14844091,25.70591289,20.71458352,19.15889616,17.10761628,16.47599125,107.0046545,92.40173572,65.92618079,0.2585826,492.7256035,228.1940551
,,,,,,,,,,,,15.2557443,18.57719866,19.62421019,20.71684025,22.10181639,17.08941847,184.1038559,86.93410431,56.80955539,0.480904634,539.7515866,192.3846352
,,,,,,,,,,,,16.06451208,26.50629157,36.31111308,23.08776223,18.78481591,18.009625,103.4691722,136.8206776,53.57620001,0.549677043,474.3065234,265.5434238
,,,,,,,,,,,,18.64953658,22.01744682,23.6627035,22.62908799,16.24108167,18.03502761,93.75514627,88.153873,60.49260219,0.502393217,504.2304245,226.5686331
,,,,,,,,,,,,15.91525978,21.13778547,21.88758833,21.26579481,23.91791017,19.38524499,100.794634,101.0400237,93.28428477,0.320942492,756.816862,201.3524595
,,,,,,,,,,,,14.75311036,20.10147201,20.40163712,29.8934546,9.457659257,21.26201706,103.363184,92.69914101,59.80142856,0.396550322,499.2329696,210.8241059
,,,,,,,,,,,,17.41300913,27.45432501,19.88136828,24.16599522,21.02506749,19.35538972,113.510446,88.60252805,62.58246398,0.429457743,595.708186,200.9569793
,,,,,,,,,,,,14.9896988,21.27830095,24.19355955,24.53678639,18.78022529,21.10847554,100.4081282,90.07137053,107.4207041,0.582206634,501.7536003,222.826447
,,,,,,,,,,,,15.30217142,24.84537303,21.29135267,22.91031333,17.16946885,17.03974764,100.0767208,108.4459633,51.8094829,0.428628611,804.564144,262.6791044
,,,,,,,,,,,,18.11610344,24.32558341,20.99684467,18.05291948,16.67379767,20.55686961,107.0752642,90.69629087,64.64646549,0.485170711,560.5506277,230.8207498
,,,,,,,,,,,,15.13007605,22.5935592,26.34390596,29.5159633,20.76208581,15.65071377,105.6311606,124.1568702,57.19173745,0.591953033,533.5623719,209.5389625
,,,,,,,,,,,,15.61662376,20.76882787,26.89744766,23.59342199,17.13629766,21.62105428,125.8884417,85.47527177,62.17410957,0.313990601,503.5795209,226.8436882
,,,,,,,,,,,,16.13517604,23.83653627,22.87249421,22.34983864,7.480262186,15.58066457,114.6470975,88.73212423,58.3224345,0.319964638,515.5444021,252.630569
,,,,,,,,,,,,16.02905983,14.99960076,19.12247524,24.09082619,22.54003762,17.70440786,89.77950289,95.1054798,60.43272133,0.636314365,683.4654252,196.0694636
,,,,,,,,,,,,21.83038431,23.16266157,22.12656264,21.13846877,15.10879971,17.22394992,117.9293721,89.53488001,52.27077558,0.732402731,631.0168337,219.6797971
,,,,,,,,,,,,16.59607746,26.31479207,37.67993972,19.92489399,23.31849755,19.15400047,117.1518962,112.0231806,56.21136685,0.599396725,624.7607906,232.8623871
,,,,,,,,,,,,18.834483,22.77675654,25.49572033,18.16985928,19.18083656,17.83423355,120.1922276,101.4907021,68.1756391,0.675350872,502.2169237,240.8698196
,,,,,,,,,,,,15.63650221,24.63635492,20.385977,22.29614409,19.29483215,19.37633078,94.52391683,82.32816917,61.41923185,0.464293158,575.387252,188.5929872
,,,,,,,,,,,,18.63426438,23.06315568,18.67601564,20.81242482,20.76445642,35.91000938,98.99936632,114.2134849,55.99915875,0.150661815,692.0579678,211.3300398
,,,,,,,,,,,,13.824501,22.59571621,22.69692846,21.54671148,23.85705249,21.6056746,121.0189925,86.71147644,59.96885,0.324158781,641.8929797,212.7794564
,,,,,,,,,,,,15.46025249,23.65783976,21.2373471,21.32022011,20.69786184,17.08733607,103.808296,100.2582978,52.43430569,0.360657495,605.561904,223.9452134
,,,,,,,,,,,,17.91284691,23.52502115,30.5787145,22.65179638,18.75394085,18.69963583,111.7799515,83.22694065,68.61086047,0.423333095,510.8038872,219.5659252
,,,,,,,,,,,,16.75809041,25.02469094,28.48610078,17.74725003,21.52488403,18.25536082,107.6563982,104.2464103,52.66985996,0.522911616,449.1124482,228.5491085
,,,,,,,,,,,,16.56341701,25.48924084,22.18983646,25.84100937,26.29596733,17.46459073,109.5478579,117.344942,67.39047178,0.204156973,459.7367982,237.9692248
,,,,,,,,,,,,21.0654035,26.44371684,23.44902399,26.17931897,15.80997078,18.66518975,103.6870374,99.89366072,65.75058351,0.444351686,881.360683,204.2304379
,,,,,,,,,,,,16.94206866,20.56665303,18.94277851,21.08306526,16.84813424,23.22083846,85.01070097,95.85095638,64.10802924,0.581671702,606.0615559,253.6647487
,,,,,,,,,,,,11.76976955,26.60332905,20.70997933,19.37002737,14.6051045,18.32042114,96.34060437,131.4175265,69.37753352,0.258071235,657.6141253,234.07017
,,,,,,,,,,,,14.6531853,20.68853997,21.06285168,22.09520984,16.34883473,18.02575381,89.26187482,99.12296546,72.41378103,0.526644846,509.8702548,246.0833391
,,,,,,,,,,,,19.19109331,24.94620361,24.19955941,25.60572726,36.34639773,18.2949382,119.2677545,85.50602016,59.60590598,0.291605361,569.7386882,221.4157371
,,,,,,,,,,,,15.80865459,28.77474938,20.49664996,17.9954847,15.92593611,22.81013863,207.4042362,89.72616309,62.25806015,0.332130813,503.5917601,211.6886821
,,,,,,,,,,,,17.89935412,20.76917885,26.70965316,22.91996175,22.73474601,18.08731638,100.2123042,86.54869562,68.52291208,0.915235484,467.8313191,218.151674
,,,,,,,,,,,,19.24658412,20.19780337,21.87437428,28.82517094,29.31234284,19.61597538,90.71952294,90.19607394,54.68574244,0.370691494,490.2483831,207.2790884
,,,,,,,,,,,,11.88582305,20.49953857,16.99676652,19.90876982,26.54725876,17.67227149,119.243101,89.59007711,50.57196058,0.41500661,592.6397428,209.4163109
,,,,,,,,,,,,19.5653115,20.26582061,22.48485855,18.96103273,17.09606518,17.36662689,122.7412653,86.13459369,78.35000518,0.533635137,495.8634613,211.044227
,,,,,,,,,,,,16.25227349,20.43214349,26.70483278,20.68768297,19.62466555,25.93827934,88.91895204,90.72008802,67.28430073,0.448792051,521.8421152,207.4743983
,,,,,,,,,,,,15.10044743,20.05385259,23.30071533,26.78118206,17.67493612,19.41353073,107.9613673,78.36980732,63.41763482,0.355451018,541.1878029,201.6735491
,,,,,,,,,,,,14.6809185,21.87108445,20.61523505,19.71216677,17.28497511,20.05889978,108.9623137,82.96500157,68.50722978,0.398821174,842.5607794,303.4044865
,,,,,,,,,,,,16.74936436,20.9628755,20.29843839,20.19966836,17.60534876,18.33418954,101.6637895,100.4022657,53.32920266,0.472600772,615.2536161,239.0626275
,,,,,,,,,,,,16.08347692,20.76649,26.56655552,20.63921153,19.62625876,17.10555094,142.3124113,91.95522678,61.96673903,0.547721274,531.9564983,285.8488047
,,,,,,,,,,,,18.86370331,22.18162163,23.88807082,20.94719496,18.35266605,22.02896548,93.6237277,94.4076342,62.59207394,0.318057901,511.1490762,183.5591372
,,,,,,,,,,,,17.04638469,21.59761647,20.62739827,22.37131408,18.54206359,22.31009146,107.9904122,79.92510716,58.19040224,0.658280494,693.6848344,252.0296648
,,,,,,,,,,,,16.48104785,20.83740428,19.09245506,20.25926658,17.94458733,17.96826637,107.6344784,81.89933025,55.0095759,0.521998319,524.9279654,234.9977107
,,,,,,,,,,,,14.53131676,29.61926775,27.85391697,20.16435658,14.94668067,17.55988221,94.87501835,85.93612509,55.92136232,0.297051169,549.1877749,199.0927013
,,,,,,,,,,,,15.35531333,25.14119632,21.23553546,18.84908004,21.46794542,18.50852462,107.5344448,91.32137395,53.53675179,0.252780575,720.4585546,243.7355592
,,,,,,,,,,,,20.65877198,20.31374374,25.79581963,19.4955861,25.48799777,26.07167075,85.85727415,642.5476162,89.32671788,0.316077316,550.6647935,208.2653211
,,,,,,,,,,,,17.69667868,21.79635119,23.94377533,24.86991961,17.35425008,25.71651802,110.7493206,111.3192054,56.11851472,0.550339213,458.0400629,216.2118439
,,,,,,,,,,,,14.73957675,23.67912935,19.29799747,20.60359937,16.90431296,18.45109228,117.2996527,112.3430671,63.50109195,0.560609517,482.0724393,202.4258258
,,,,,,,,,,,,16.96189013,22.17567403,25.02081499,21.31897289,21.39391809,25.36715074,114.2943628,101.2593847,59.66086554,0.969925428,614.7904188,213.2645541
,,,,,,,,,,,,16.79227183,24.34115868,20.04009653,25.26493073,17.75461699,19.31087053,92.8639023,103.5685438,55.54760137,0.573237916,546.8529242,249.8904867
,,,,,,,,,,,,20.63337751,17.2538861,22.00730828,20.25475039,17.42559622,21.73354509,96.97127451,95.604165,62.27941834,0.782696338,479.285595,199.3636934
,,,,,,,,,,,,15.07145258,23.78796301,21.29989951,17.88421877,18.71964713,14.68569191,107.7857257,84.67149813,62.04513516,0.327017949,527.2368857,208.1032511
,,,,,,,,,,,,15.701424,21.11003196,26.49306776,24.52770176,20.13011306,19.9056448,103.6758984,90.92052662,56.78771737,0.326230802,663.0376737,183.2719142
,,,,,,,,,,,,15.55667638,24.03040809,25.8376401,14.88592794,19.09260236,18.90550416,94.38833914,85.16661828,49.32360009,0.636068056,683.9360317,208.483499
,,,,,,,,,,,,15.44487025,20.31774018,23.26395546,22.15608596,18.64581028,19.47876511,100.9438224,116.7823261,56.65612331,0.351383976,749.4042299,244.5246605
,,,,,,,,,,,,16.52837128,41.42805078,20.93928594,20.427763,15.81882756,24.45263379,113.0393412,107.4267904,61.09375836,0.466811424,526.4171595,197.4179574
,,,,,,,,,,,,16.59382288,22.96885531,23.37864504,29.32257831,23.94667029,20.05813411,124.0712101,84.58001567,84.86107371,0.490423226,537.6041501,237.9701076
,,,,,,,,,,,,15.99431074,22.88975829,18.53253232,19.0887455,17.66189071,15.62539309,91.01115009,132.8542186,54.67644901,0.582302582,690.410684,285.9351005
,,,,,,,,,,,,15.86041867,27.76230064,22.02400237,21.23481724,20.02913161,19.84277557,95.41122753,109.9939052,61.47287259,0.541845826,571.4698804,189.9802358
,,,,,,,,,,,,16.41111852,20.42040879,20.20659353,18.99264822,17.10980514,19.02473273,108.6187005,87.2028098,65.12656208,0.273529635,474.4257836,222.4125724
,,,,,,,,,,,,18.16208746,20.18600149,20.15345923,22.33320449,17.01249975,18.44735285,93.23722885,110.1401285,69.56303186,0.467733648,582.8342601,227.320156
,,,,,,,,,,,,14.77431521,25.17398624,20.81504087,19.6760073,15.66915428,20.65244979,92.20892378,89.85958124,56.14737878,0.590918942,473.2775135,228.078664
,,,,,,,,,,,,25.41387342,21.15946308,32.67424368,20.55168876,18.88167752,15.19416641,103.9494072,77.63184867,50.85528657,0.489085752,523.4497722,186.7211359
,,,,,,,,,,,,14.33909488,30.75262586,21.35347099,19.764617,18.41462058,15.57567327,119.8964401,102.3495664,51.27215051,0.640725137,602.0821125,208.6419597
,,,,,,,,,,,,19.42476063,25.16340536,24.33892587,22.57860381,18.49772919,17.16273168,100.8678224,113.185762,56.45922883,0.400029271,520.0309046,415.115011
,,,,,,,,,,,,13.72361434,23.26350083,22.08640914,22.35348242,15.43022122,23.42839067,109.110406,108.9649459,65.76711113,0.335564904,836.6687562,203.1403462
,,,,,,,,,,,,14.46069882,24.73175032,22.46265821,19.42589238,18.01948676,19.35726064,108.4755996,84.54794291,67.45129184,0.40642787,538.2960465,213.2480024
,,,,,,,,,,,,14.1931369,21.32110966,24.75562012,30.98255554,16.49905757,18.34960651,100.6571765,88.90147022,67.72308979,0.558874023,525.0158013,194.1745436
,,,,,,,,,,,,23.42797409,21.3433954,23.47004587,19.11052401,20.17406724,15.61200845,105.9260318,95.10879155,55.76498305,0.648556481,503.8352779,184.66206
,,,,,,,,,,,,15.39600433,25.06712656,22.30524284,19.0166038,18.80402855,21.8269336,99.0809083,85.45821467,52.41918701,0.987832494,503.9066916,236.5462377
,,,,,,,,,,,,12.01484416,20.30326155,22.08655301,18.00151994,25.07023497,21.24086689,101.1555467,100.3802405,76.33282854,0.356098235,664.2963088,199.0179618
,,,,,,,,,,,,15.2773578,25.78798934,21.55977275,21.42069884,19.94258101,18.31692596,125.5970678,90.25865805,60.22073812,0.306056452,493.2709097,216.5529954
,,,,,,,,,,,,19.27899103,23.00224754,18.49524027,19.24303767,16.09474118,17.35335968,131.342475,83.63238865,56.82806856,0.451521395,523.3816138,201.8984954
,,,,,,,,,,,,18.73653803,20.62433129,33.732147,26.21325333,18.06037985,23.54350472,99.5536435,92.85087497,59.49083506,0.747137171,534.3057328,237.7360027
,,,,,,,,,,,,18.62717506,21.38568075,21.62575048,28.61983922,27.87186139,18.30064095,122.1541236,85.25758714,63.2079765,0.454401073,502.5795628,194.5666679
,,,,,,,,,,,,16.1891174,23.02404899,21.24237904,22.90849922,18.2686758,19.00087538,113.0307929,87.63282934,59.42123453,0.417652828,556.1134598,220.6897219
,,,,,,,,,,,,18.76349996,27.68694949,28.01530398,18.06174012,17.87221422,20.71246585,125.9900426,89.03015786,63.30733262,0.356516324,500.2649647,188.6340702
,,,,,,,,,,,,29.91660855,19.92281762,20.23530191,20.59469024,17.78392643,18.87004463,110.2106715,112.961978,90.25993915,0.80285463,516.4650291,243.5960018
,,,,,,,,,,,,29.83288903,19.56502223,24.73197768,20.39310952,19.78503913,18.59536484,112.663078,96.34762767,53.17537214,0.298423601,516.6474154,195.3852994
,,,,,,,,,,,,15.1932149,23.45301948,23.96150103,25.36771476,17.44088978,19.87185279,89.75546888,96.59609183,57.98977755,0.286223413,504.2520386,188.4995201
,,,,,,,,,,,,17.26314429,20.87463832,21.20352364,20.57374215,18.79135691,20.36609286,100.4446595,83.71123377,53.24836565,0.538388979,518.6199659,210.7307949
,,,,,,,,,,,,15.17845658,30.68194773,24.63235328,24.03441526,17.72471411,17.14876392,119.8218305,92.63172535,81.21511475,0.918529649,703.516344,254.8500563
,,,,,,,,,,,,16.10883964,20.00883614,20.58200049,34.38820577,16.7415502,18.51486747,100.9309084,81.72289436,54.56793285,1.119892,474.6306197,206.1341491
,,,,,,,,,,,,19.69818998,26.75117079,30.83811551,20.17608848,17.80238619,20.493369,109.8766277,83.89418867,54.73907654,0.319972341,533.7688992,173.0077322
,,,,,,,,,,,,15.89117129,21.17073909,19.35128648,22.55933039,17.78939695,20.67411404,107.8894228,114.3251011,64.3406816,0.29531396,469.1059839,191.4935522
,,,,,,,,,,,,15.27484365,25.1036429,22.96853093,22.57217208,20.33429338,21.13211198,103.0035953,98.97820772,67.59022281,0.476254891,529.9380187,213.2379242
,,,,,,,,,,,,12.17152949,19.94541002,28.71217699,22.46764526,18.75014507,16.37470089,121.760786,93.461162,57.83652838,0.462140184,1270.59294,248.5652267
,,,,,,,,,,,,16.08504134,21.91019879,18.60077408,19.93605195,19.21146322,23.33676196,111.1480625,101.9209411,70.17515771,0.440103592,575.7717153,215.8382216
,,,,,,,,,,,,16.6780851,25.44592642,21.34533593,19.20124724,22.29165733,21.46710029,93.07681848,105.1795982,68.45076367,0.327184977,648.2562748,215.0423979
,,,,,,,,,,,,16.08068592,21.04063013,28.49783351,21.76701314,16.87777416,18.80801369,117.2356719,99.49359438,68.97116453,0.411435856,594.618222,204.8091187
,,,,,,,,,,,,14.23028587,20.58572395,21.24220536,22.71348271,19.52879759,19.29028206,96.16158015,87.2176312,67.9563782,0.453785315,567.8079864,203.9072059
,,,,,,,,,,,,17.75374674,22.28320514,19.83592463,53.96305604,20.18609145,21.42527333,93.59152319,100.9668675,78.29679953,0.483676971,520.0608526,232.7733914
,,,,,,,,,,,,16.74309409,20.6225031,18.5380096,22.51273024,22.77968014,16.99609533,103.135407,86.02076737,62.58476712,0.470960892,1098.216031,297.5719949
,,,,,,,,,,,,15.05821347,21.09944507,26.50530342,19.24249203,14.53023486,16.95857862,156.1548041,90.21021921,56.61854507,0.393317415,791.8457545,223.9830451
,,,,,,,,,,,,20.69154832,22.58864895,20.73856692,25.88518271,18.42659607,18.11121353,125.5256702,90.78245466,58.01918366,0.368213957,575.1052163,241.9463324
,,,,,,,,,,,,20.25820234,22.3663142,21.4504976,40.21196339,19.88353517,20.30380285,88.76163945,105.3457724,65.073467,0.51522615,524.4044674,228.7871997
,,,,,,,,,,,,15.99503017,23.06554574,20.26188332,20.08996733,19.4574618,10.42882063,193.9435357,100.3957614,75.1339851,0.445629362,599.0317022,196.8762584
,,,,,,,,,,,,14.70309569,20.64665674,19.50400363,19.5515688,19.80723159,17.66413351,119.7192335,87.879992,57.95854341,0.339416884,501.9078222,273.0677495
,,,,,,,,,,,,16.2949348,25.18299603,20.2186768,19.6283908,26.36704295,17.92639041,119.0598485,81.61733584,67.06351664,2.218253836,636.5039008,226.6953555
,,,,,,,,,,,,17.11998536,27.00299309,33.56805909,24.95730472,22.89848184,21.46756369,83.5350157,78.08702559,55.1780481,0.35527076,532.6328612,228.084874
,,,,,,,,,,,,17.33259915,27.78538439,23.53120379,19.30562395,17.58232973,16.3356257,107.5279129,89.63342744,60.43907304,0.998070239,507.6266955,219.9623254
,,,,,,,,,,,,17.69407715,20.7601031,34.12423847,20.59816227,16.43580354,17.58795806,98.12662833,91.75728837,56.18112628,0.848555493,632.4287925,260.4483965
,,,,,,,,,,,,16.85591343,26.13849573,48.76130061,21.28894047,17.99731065,18.83140677,101.9718118,101.9573685,62.18963241,0.437297941,613.6716588,198.9664286
,,,,,,,,,,,,18.37652706,22.03922094,18.0776688,17.79603619,17.98452317,18.11607629,114.7860416,84.99737648,60.01712748,0.564297438,498.4753084,196.5716711
,,,,,,,,,,,,18.38297324,22.93223787,20.17824203,27.50422983,33.67282251,10.26478364,126.7895301,124.3911795,75.92468779,0.632724457,514.1096386,199.8944044
,,,,,,,,,,,,20.28262495,24.26097255,18.9335656,18.81921275,20.88215905,25.53372514,116.6016853,78.81535876,58.18016398,0.337719082,653.1731144,209.3000095
,,,,,,,,,,,,17.22915882,24.1452621,21.4023364,19.46528858,17.35020225,20.83956198,95.9277867,98.56635194,63.80491884,0.469474701,473.8792998,238.6526458
,,,,,,,,,,,,19.95813964,24.03104935,18.87399267,26.84249949,17.05811996,22.7926884,178.0792626,93.47698258,76.50961587,0.392627885,492.3047924,217.501448
,,,,,,,,,,,,15.25884769,23.56798548,21.19272786,21.95943279,17.45060698,13.71032164,92.51885212,106.6979644,111.264372,0.348556032,703.8334807,231.9001857
,,,,,,,,,,,,18.0711757,22.48460582,22.2685315,32.37750759,30.06957121,17.43868477,102.1435928,104.3598186,56.07085776,0.362633506,467.5418804,252.824577
,,,,,,,,,,,,14.09730158,22.28271023,23.06378372,22.49259955,17.83921417,22.39908185,107.8698942,88.16944309,56.68034867,0.340467278,488.5548395,223.098129
,,,,,,,,,,,,15.55800128,24.43505517,20.13840268,30.87902815,16.50208137,19.68850547,122.6339213,112.4676463,64.79491153,0.515860889,653.516619,202.5732486
,,,,,,,,,,,,16.94027697,21.75249527,28.23655092,25.9158614,18.52413131,18.17493852,92.60539442,97.77732944,55.51733593,0.167441982,572.5110215,198.4159648
,,,,,,,,,,,,16.48349197,22.61784771,25.2592764,21.70705688,21.56132647,21.66227852,103.9198569,94.98387729,55.63113435,0.3880235,505.1920181,226.3204723
,,,,,,,,,,,,16.3158795,19.67360296,22.06173322,18.60191008,18.67228748,16.75587003,130.5049224,85.35357906,66.48842555,0.256736854,557.5718991,207.0899051
,,,,,,,,,,,,16.3164743,20.84142286,19.23153152,49.9527553,16.58786289,17.23200543,94.3468386,92.71558888,62.14743862,0.83256155,482.4499803,204.7083567
,,,,,,,,,,,,20.03671476,28.20510239,21.57186046,19.32795723,17.1440603,23.28466546,102.5361743,117.0197153,58.04610133,0.591610594,511.4851461,188.7311113
,,,,,,,,,,,,30.75524891,28.65703542,19.99844332,25.0971235,18.78990055,16.11046388,103.7696012,87.78429499,61.41170454,0.761776689,678.9724966,193.2615221
,,,,,,,,,,,,21.74558303,22.60025821,21.05306309,38.25084461,17.94103902,19.06459097,103.5546492,157.9997352,55.80565131,0.472479841,623.1550533,191.5614571
,,,,,,,,,,,,15.86806468,21.06812686,19.78724575,22.31736301,19.26843341,24.44714514,110.0969409,156.3617946,58.31696817,0.621708769,966.4593332,223.4521533
,,,,,,,,,,,,21.50216315,20.10929151,22.71106408,20.35857024,22.65347035,18.90560539,111.7654642,87.36661647,63.63284507,0.780260007,569.4882128,225.4702241
,,,,,,,,,,,,18.81455703,19.91556997,24.05165361,20.3648715,23.39290287,19.783987,99.09267928,96.26819621,71.81778124,0.273605991,501.3897846,245.3013711
,,,,,,,,,,,,16.97114847,23.1663149,23.61581474,21.42301279,20.01075744,21.36489681,103.121655,118.2397479,58.44811446,0.555643291,527.4802277,222.2286617
,,,,,,,,,,,,17.2453111,20.57454271,23.0868278,21.3387946,22.68504941,17.22171672,104.3874289,91.97553622,61.39381263,0.528973697,531.9045155,196.1836138
,,,,,,,,,,,,19.97875622,23.27826219,20.90825969,16.79281741,18.53955819,17.17723551,101.2477678,77.31679659,65.56185199,0.293128723,493.8503237,228.3958018
,,,,,,,,,,,,14.19815959,21.75148904,25.73915494,24.41448826,38.89191363,24.4044667,93.85473142,93.89930362,63.16532325,0.426692913,486.709578,213.0244354
,,,,,,,,,,,,19.83246749,20.8574272,19.99167189,19.58606402,24.29034455,21.71860102,105.6531931,109.5597751,48.50705132,0.483503045,908.5943558,223.4477066
,,,,,,,,,,,,19.86201249,22.04859828,18.72694184,21.43699185,18.91999781,19.83487175,111.1858399,85.48764992,53.84330252,0.56470643,516.9947627,203.7294606
,,,,,,,,,,,,16.34719895,22.77024953,22.47418417,66.32027527,19.84167118,23.29050739,89.13409248,96.54161416,60.82249101,0.4900247,597.8430562,315.0457589
,,,,,,,,,,,,15.51521309,21.33279583,22.69487334,26.45405814,19.73891856,20.63365845,103.4021685,112.6873587,66.46816434,0.833523742,549.6456561,202.7121593
,,,,,,,,,,,,17.14979782,21.4160896,21.81691986,19.15526554,16.54049268,21.80026243,91.50882133,84.19478875,51.59271888,0.599284223,529.6022793,208.9616333
,,,,,,,,,,,,20.48579484,26.17198772,22.21636823,23.6550226,19.48443584,19.00583742,105.1084948,91.37705744,59.77462703,0.673818634,796.6367,260.8100373
,,,,,,,,,,,,15.11128527,22.32712751,20.824305,22.41571198,21.67717882,21.400236,144.4515807,101.3799153,66.36504735,0.342639856,472.1595797,190.4330017
,,,,,,,,,,,,14.79792981,20.32686815,22.4984939,18.88792546,17.2429243,18.77774319,115.731349,114.7022625,57.50311128,0.250383843,534.9785647,182.0017209
,,,,,,,,,,,,20.75529128,30.31844692,37.7063857,19.82305558,11.10972474,20.82924809,105.2964542,115.1678806,49.49233171,0.320017637,517.563544,227.7779282
,,,,,,,,,,,,22.95383076,23.65028185,26.19039987,19.46094613,23.33757951,19.41827555,109.289214,99.29199358,59.84319909,0.467687359,458.7376382,216.6411282
,,,,,,,,,,,,18.39833926,20.50396726,22.16797167,23.18864452,24.80038957,19.84716805,120.273907,82.29751521,56.14543452,0.674394615,497.8649274,213.872746
,,,,,,,,,,,,15.88710736,21.56574257,23.95164201,19.75413671,24.2664762,22.21406345,103.2687321,195.6291679,57.91903054,0.416280321,522.3899733,223.0394505
,,,,,,,,,,,,15.7266272,27.07412764,18.00977593,22.69277072,18.33057533,18.27240773,106.2124149,91.29822466,56.66519386,0.420886291,619.1370562,242.4542399
,,,,,,,,,,,,15.1420796,25.10049086,24.89376182,17.99031458,18.73648093,16.77339917,123.2271952,120.0221195,59.97083355,0.489356641,467.6190422,204.1481732
,,,,,,,,,,,,16.9882659,18.84530373,22.88753629,21.78870358,15.75663512,25.26374338,103.8505951,100.6627724,62.79138668,0.353294458,463.7860066,286.5294011
,,,,,,,,,,,,18.22931419,24.49410386,22.76991885,27.86703858,25.6757271,30.6483295,95.46440698,93.29719154,55.03784804,0.446666685,517.1756216,191.6542798
,,,,,,,,,,,,15.71084648,24.46648645,21.07901918,19.82249335,19.37679683,19.17241705,96.2820815,86.94898805,67.74406199,0.409069389,653.6081134,191.3363571
,,,,,,,,,,,,15.88086819,19.07417803,23.54526159,19.1586763,20.44411072,19.46287985,95.03489604,98.12209851,68.8315932,0.345055079,526.5998685,203.7290814
,,,,,,,,,,,,17.81003356,20.98368757,24.28740628,18.91054607,17.07581835,19.09590901,85.57354817,91.2873347,56.70035022,0.341406676,533.3932937,289.4754182
,,,,,,,,,,,,15.53597854,23.30355386,20.76404399,20.50685978,21.81385218,19.56088369,107.4026013,84.21830233,61.65292564,0.45854066,553.0412039,253.3789457
,,,,,,,,,,,,21.10670559,19.71688016,23.19505032,18.81349626,17.35516792,20.19881686,100.22785,89.35750993,53.45816593,0.440094254,721.1605406,241.2897669
,,,,,,,,,,,,14.99251482,21.77093972,20.25676758,20.7253495,27.16927068,19.15971011,130.52265,87.64440266,58.62763174,0.330683915,622.3138198,239.469426
,,,,,,,,,,,,15.17883506,20.97760648,49.73259627,22.94523801,17.60009088,19.03777755,106.6034443,79.35003501,60.70255765,0.376602764,521.0227255,165.9571709
,,,,,,,,,,,,17.54002689,21.29156553,23.55534485,19.25918118,17.61345454,20.6385699,94.64524272,89.94473542,65.27469681,0.319062574,702.1687768,248.2247671
,,,,,,,,,,,,14.81559646,20.08894612,21.31121723,19.18386917,21.70168408,19.60164035,100.6993197,88.79133198,53.74415122,0.37504962,497.2726149,198.9274161
,,,,,,,,,,,,19.18035233,20.49317886,61.87280655,22.09755547,17.11551371,17.55326548,104.014196,119.2451299,72.90688565,0.996755985,554.5479376,199.0846613
,,,,,,,,,,,,13.53042302,21.50108189,25.81781575,19.79274177,15.68590487,18.24997295,113.3071585,98.10705014,64.34545642,0.452873599,465.4744475,289.1448675
,,,,,,,,,,,,19.52491856,22.49906081,20.09357539,21.26550936,18.65729736,21.64795515,63.79931882,109.6798164,62.93603229,0.368703111,537.1977698,345.8536757
,,,,,,,,,,,,17.17575636,24.22243334,20.93115352,28.44354251,17.47527498,21.23616786,118.7213178,85.09602133,65.69108692,0.593263155,486.8073003,211.04931
,,,,,,,,,,,,18.53778531,24.52417271,24.53585693,22.07471799,14.23453501,18.97257445,114.2679784,84.63251481,54.39519147,0.357587009,585.1010895,271.890018
,,,,,,,,,,,,22.98522526,24.78441332,20.4882907,22.61025053,21.4223813,20.86237238,144.9957546,88.47395913,61.22505642,0.288618892,756.7291128,209.0117115
,,,,,,,,,,,,17.47016227,24.5981248,22.76401624,19.34442739,18.1134206,20.69641589,125.6515566,97.05811324,64.49281875,0.51558066,526.8401847,260.4451519
,,,,,,,,,,,,16.56325535,24.82985473,29.30503394,19.88762503,35.57194707,17.36628751,103.1602812,135.7249829,58.42649187,0.448135372,536.7589952,233.1864533
,,,,,,,,,,,,17.76390062,18.17533636,21.69517733,19.97942004,16.07995375,16.53723952,93.46190216,142.9712655,56.13500016,0.374416669,535.2259629,226.8631126
,,,,,,,,,,,,16.21836342,31.03167978,33.75219787,18.79704735,21.82920698,23.79682093,143.2332978,97.59266952,58.3469354,1.076900018,615.232953,207.4021787
,,,,,,,,,,,,21.32234153,24.02007088,19.95382273,20.23317315,18.73714529,17.55853635,153.22367,90.56374958,55.47445834,0.691512473,536.3397667,238.1168914
,,,,,,,,,,,,18.11511314,35.42217552,23.08587988,25.70683923,20.05175594,16.59381093,118.3061125,119.3130304,59.93056084,0.204176045,479.1128592,213.406241
,,,,,,,,,,,,17.12250257,23.52304685,21.25750891,25.19636044,15.80159718,17.74278596,114.0494667,108.5049727,52.47282808,0.502999727,436.1697444,215.8029035
,,,,,,,,,,,,20.0243234,20.44061921,25.20645817,24.22080451,27.3271687,19.58016621,118.0709895,87.79490987,65.94549048,0.722362372,560.556293,223.5953875
,,,,,,,,,,,,20.3028872,19.77345288,21.43886056,22.61721221,19.41376708,20.71372387,88.45369248,94.24197911,59.50951895,0.681859351,553.3093744,193.9749724
,,,,,,,,,,,,13.8156377,22.98125618,21.50873195,21.03476855,21.20756101,18.73886427,102.455039,121.7703347,51.42617482,0.521340459,672.9808109,229.3734311
,,,,,,,,,,,,15.56914685,28.69730714,21.04547977,20.52958883,17.27882121,17.52954136,128.9173093,86.00272733,55.88545495,0.40562794,646.8992863,225.4501757
,,,,,,,,,,,,15.99801588,25.57745516,23.37037817,22.0626576,26.93661524,22.30285294,90.85734944,107.258441,73.41468941,0.513986705,788.0571567,245.505828
,,,,,,,,,,,,17.20358988,25.30081235,23.3648695,26.76134501,19.72167078,17.99897473,73.73952348,84.87839769,67.3048641,0.313591249,499.4441236,218.073261
,,,,,,,,,,,,15.32320045,22.95836079,23.512479,18.21415941,19.35639688,17.90999247,95.26349304,397.2469483,56.7694235,0.255130655,506.8543154,240.8300119
,,,,,,,,,,,,14.58168665,23.75808712,19.97416854,29.93994098,19.29460167,17.48037625,134.5082968,104.3498246,69.12053319,0.408136685,493.3709455,209.3647688
,,,,,,,,,,,,14.57996341,20.18229905,22.0259309,21.09701142,17.65952703,31.89211693,93.19902275,81.13849524,55.62462604,0.437012811,499.9211862,197.807745
,,,,,,,,,,,,14.39791941,22.6193801,23.80015457,20.28487032,18.77773948,17.30570708,92.60144977,92.73654234,61.19668873,0.358184003,769.8731176,261.9302269
,,,,,,,,,,,,16.55719799,20.55943828,23.26492005,20.30430263,18.59181624,21.97748692,140.8289395,56.8451788,68.67751087,0.434178903,600.3279384,218.1456913
,,,,,,,,,,,,19.97464442,22.51477392,23.73978178,22.20627607,17.75848437,16.62674558,111.4733204,120.792194,67.38614779,0.381416591,509.8499605,240.1341976
,,,,,,,,,,,,18.15350695,36.27177789,22.60145125,20.75638275,20.88149537,16.99789826,112.7999891,110.8459009,58.32016459,0.320610751,437.9242672,237.1224153
,,,,,,,,,,,,24.59112365,36.8598911,21.04690557,19.43880275,17.41375573,21.93279463,118.9735986,100.7686143,64.65973443,0.360725782,693.8711172,175.5456333
,,,,,,,,,,,,24.84319653,20.73902827,18.50398557,19.98462835,16.50231484,19.39219019,117.3990369,96.95122623,81.23406346,0.271871946,474.2404795,278.1289901
,,,,,,,,,,,,22.03510877,24.01460318,22.33431385,20.20742798,30.74372411,19.63713926,106.1897513,94.10876407,68.24364446,0.319866536,437.6708208,223.4493585
,,,,,,,,,,,,14.45622583,23.49980414,22.78834431,22.12048232,23.47388557,19.18516609,107.6237969,88.67172633,62.68857305,0.322835421,450.175923,250.6791221
,,,,,,,,,,,,16.64236288,22.15477035,19.38527648,21.4697661,21.40891167,26.35267002,105.4846754,105.5439899,51.26064951,0.42815604,486.282878,225.1625504
,,,,,,,,,,,,24.52340534,28.92748859,19.81917024,21.20356787,17.06800035,24.34944842,86.94605836,88.24501992,62.76951001,0.488955536,478.6655464,313.0445701
